Symbol,Date,Price,Volume,Change %
TCS,2026-03-29 13:45:04.306507,3885.0189125898833,194773,-4.539297063137477
TCS,2026-03-28 13:45:04.308020,4534.694536311383,526791,-2.96998370321535
TCS,2026-03-27 13:45:04.308020,3286.926698230545,974198,-1.981876830698278
TCS,2026-03-26 13:45:04.308020,3900.961352539426,427463,2.6129156621305993
TCS,2026-03-25 13:45:04.308020,2187.704301878855,216337,2.9672157693014167
TCS,2026-03-24 13:45:04.308020,2323.1247511043352,999039,-4.649373637816842
TCS,2026-03-23 13:45:04.308020,2489.144552395416,388490,-3.4821461557667766
TCS,2026-03-22 13:45:04.308020,2613.615188584651,310590,-0.07405961713971898
TCS,2026-03-21 13:45:04.308020,2210.806357888662,929361,3.607760061110154
TCS,2026-03-20 13:45:04.308020,730.6298219072211,828730,-0.9386059742306694
TCS,2026-03-19 13:45:04.308020,4570.44668623867,254226,-2.614485980366732
TCS,2026-03-18 13:45:04.308020,1568.7667088797505,67932,-0.49676663630105455
TCS,2026-03-17 13:45:04.308020,2892.5535972129464,527410,1.9125276957067703
TCS,2026-03-16 13:45:04.308020,2419.2706274047405,835903,-0.4742678898837216
TCS,2026-03-15 13:45:04.308020,597.5609539310942,95568,0.09439369886096927
TCS,2026-03-14 13:45:04.308020,3196.518503972473,128034,-1.5766427592817998
TCS,2026-03-13 13:45:04.308020,821.1376768818332,568223,2.0112816196032828
TCS,2026-03-12 13:45:04.308020,1994.2988277588806,904150,4.698545073206736
TCS,2026-03-11 13:45:04.308020,4067.322519488395,612456,-4.422613950042626
TCS,2026-03-10 13:45:04.308020,1730.9641165331611,858004,-3.002948886590844
TCS,2026-03-09 13:45:04.308020,4322.099190367985,694330,0.20810353370252077
TCS,2026-03-08 13:45:04.308020,4940.795212741799,425756,-2.101467432781874
TCS,2026-03-07 13:45:04.308020,1587.023062506399,261808,-0.3934496962122589
TCS,2026-03-06 13:45:04.308020,2854.102874120509,482582,3.433649213678775
TCS,2026-03-05 13:45:04.308020,3551.273718933197,582654,-0.35787037585159354
TCS,2026-03-04 13:45:04.308020,4179.02158084053,807992,-2.2970295254759856
TCS,2026-03-03 13:45:04.308020,3067.2014691033423,701434,-3.502602845759365
TCS,2026-03-02 13:45:04.308020,2008.0624334901074,869609,2.698105276703223
TCS,2026-03-01 13:45:04.308020,4407.301666277492,17425,3.0508490757748046
TCS,2026-02-28 13:45:04.308020,1444.0169391927443,549067,-3.8712604253387317
INFY,2026-03-29 13:45:04.308020,2309.6801751262674,856435,-3.9022865440711527
INFY,2026-03-28 13:45:04.308020,1913.2209859305153,807551,0.48053618332120607
INFY,2026-03-27 13:45:04.308020,3222.503029799169,598658,-2.1504756561213645
INFY,2026-03-26 13:45:04.308020,4612.466394975227,312198,-4.7167975246438
INFY,2026-03-25 13:45:04.308020,3889.1946352191612,950452,-3.2251210443540836
INFY,2026-03-24 13:45:04.308020,770.2338270828934,682351,-4.315636735649715
INFY,2026-03-23 13:45:04.308020,2210.3790495966505,906585,-0.1490792055308212
INFY,2026-03-22 13:45:04.308020,2612.1393997804003,390950,-1.9780102705401892
INFY,2026-03-21 13:45:04.308020,4846.541980479937,540077,-3.18999575466951
INFY,2026-03-20 13:45:04.308020,4658.796165939483,2601,2.8310494036001232
INFY,2026-03-19 13:45:04.308020,3567.744829741619,213120,-4.729357612915583
INFY,2026-03-18 13:45:04.311190,4550.287277926133,729698,1.4647841418977112
INFY,2026-03-17 13:45:04.311190,4109.786300404336,787047,-2.1068666686640802
INFY,2026-03-16 13:45:04.311190,1754.872809133281,483125,-3.238523128302153
INFY,2026-03-15 13:45:04.311190,513.8922957987222,699243,2.8003870550550047
INFY,2026-03-14 13:45:04.311190,890.2301879643281,719836,1.343491504957436
INFY,2026-03-13 13:45:04.311190,2108.223561595514,626234,-2.2591290154919266
INFY,2026-03-12 13:45:04.311190,4962.832533539393,810729,-1.95571685484102
INFY,2026-03-11 13:45:04.311190,740.0047201326843,670554,0.7984795884555327
INFY,2026-03-10 13:45:04.311190,3024.857737374497,212298,-1.332188204715441
INFY,2026-03-09 13:45:04.311190,596.8488931690281,745595,1.9663899593020933
INFY,2026-03-08 13:45:04.311190,988.2132721031749,914465,-1.8240944533741041
INFY,2026-03-07 13:45:04.311190,2043.5311024978346,404229,4.260211246804767
INFY,2026-03-06 13:45:04.311190,1368.358542957238,216809,0.7932114741162275
INFY,2026-03-05 13:45:04.311190,3898.6356437640325,502522,-0.9543831718668336
INFY,2026-03-04 13:45:04.311190,4920.541859604905,225158,-0.9745826359018963
INFY,2026-03-03 13:45:04.311697,1700.334427289322,407082,0.35810029823866785
INFY,2026-03-02 13:45:04.311697,2531.8937775984587,742500,-0.03520139630017738
INFY,2026-03-01 13:45:04.311697,584.2771075068156,544065,2.252508488297141
INFY,2026-02-28 13:45:04.311697,860.2012230112759,849817,0.4459404564759719
RELIANCE,2026-03-29 13:45:04.311697,792.0217576976436,115253,-2.1352200693445154
RELIANCE,2026-03-28 13:45:04.311697,3205.8176025280677,814974,-1.317755235339526
RELIANCE,2026-03-27 13:45:04.311697,4864.62285849102,156570,-0.8146475543059442
RELIANCE,2026-03-26 13:45:04.311697,755.6299525841868,414912,4.570120265273015
RELIANCE,2026-03-25 13:45:04.311697,3471.168602706693,791490,-2.9609626620198615
RELIANCE,2026-03-24 13:45:04.311697,3730.7568236404923,684639,2.7114118452755136
RELIANCE,2026-03-23 13:45:04.311697,2743.696062654975,417286,3.3671881321217167
RELIANCE,2026-03-22 13:45:04.311697,4146.066280922384,101507,-0.49567955242670525
RELIANCE,2026-03-21 13:45:04.311697,899.7266571697417,658806,4.795703276033628
RELIANCE,2026-03-20 13:45:04.311697,3324.006490574718,809779,1.562408740001401
RELIANCE,2026-03-19 13:45:04.311697,2603.6606580294592,740361,-3.4984581306921916
RELIANCE,2026-03-18 13:45:04.312205,4070.706016590374,765681,-1.8881156061876982
RELIANCE,2026-03-17 13:45:04.312205,1433.2670080478974,461777,0.5122809751599569
RELIANCE,2026-03-16 13:45:04.312205,1138.1350216074507,861552,2.5183579465695
RELIANCE,2026-03-15 13:45:04.312205,1069.1606881473258,689048,-1.6144301072912262
RELIANCE,2026-03-14 13:45:04.312205,3917.2286579688102,707555,-4.505518066150649
RELIANCE,2026-03-13 13:45:04.312205,1412.3496706813444,426062,1.2919196349958595
RELIANCE,2026-03-12 13:45:04.312205,3367.7494615123633,435405,3.485687151781981
RELIANCE,2026-03-11 13:45:04.312205,2600.109502042317,348993,0.2062169229787525
RELIANCE,2026-03-10 13:45:04.312205,2366.6696849080076,58332,1.7716827461930462
RELIANCE,2026-03-09 13:45:04.312205,4115.197686492886,826962,3.956202508302317
RELIANCE,2026-03-08 13:45:04.312205,1761.4109243977136,135886,-0.41686771858934524
RELIANCE,2026-03-07 13:45:04.312205,1629.0762340173894,414586,0.8066556432194165
RELIANCE,2026-03-06 13:45:04.312601,4758.329096151594,156646,-3.1836690223113573
RELIANCE,2026-03-05 13:45:04.312601,3347.9610969521827,396182,0.36999076873886505
RELIANCE,2026-03-04 13:45:04.312601,3709.515297050604,551429,-2.6407149688017704
RELIANCE,2026-03-03 13:45:04.312601,1540.1508414231919,285479,4.293890640198844
RELIANCE,2026-03-02 13:45:04.312601,653.7778145119173,417435,-1.68298567853004
RELIANCE,2026-03-01 13:45:04.312601,530.8579168204984,656003,-2.4052406610334973
RELIANCE,2026-02-28 13:45:04.312601,4125.612279821506,56440,-1.6078399133276733
HDFCBANK,2026-03-29 13:45:04.312601,3697.963627960429,457409,4.772359574416555
HDFCBANK,2026-03-28 13:45:04.313046,3659.4551195715226,47753,4.933063011522371
HDFCBANK,2026-03-27 13:45:04.313046,2225.37477734572,578197,3.9674968505623642
HDFCBANK,2026-03-26 13:45:04.313046,4010.122953969227,784158,-4.9850492697044935
HDFCBANK,2026-03-25 13:45:04.313046,3349.694934860886,902022,-1.7300606882685496
HDFCBANK,2026-03-24 13:45:04.313046,3341.3945513212457,127466,-2.1981244709515124
HDFCBANK,2026-03-23 13:45:04.313046,4483.033858393797,423954,-3.4354901818250836
HDFCBANK,2026-03-22 13:45:04.313046,4304.1184030247605,868116,2.462183932246952
HDFCBANK,2026-03-21 13:45:04.313046,4452.463796314301,845081,-1.8085985370507607
HDFCBANK,2026-03-20 13:45:04.313046,2397.593307140616,45184,-3.4630364118573107
HDFCBANK,2026-03-19 13:45:04.313046,1462.6507493894287,340670,4.882946133218558
HDFCBANK,2026-03-18 13:45:04.313046,2301.518372995462,625628,-0.2189456581317506
HDFCBANK,2026-03-17 13:45:04.313046,1432.1053187550597,463070,2.669917201701808
HDFCBANK,2026-03-16 13:45:04.313046,1961.9442343346855,877071,-4.713936829540312
HDFCBANK,2026-03-15 13:45:04.313046,3669.078896224872,591560,-4.6171842376435945
HDFCBANK,2026-03-14 13:45:04.313046,4674.455641026993,880144,-3.9613124237207806
HDFCBANK,2026-03-13 13:45:04.313046,1868.4866643124728,284770,3.6553918533931657
HDFCBANK,2026-03-12 13:45:04.313046,1261.0412971723108,639429,-1.1668981021999105
HDFCBANK,2026-03-11 13:45:04.313046,3250.953619095337,775676,2.799725470574792
HDFCBANK,2026-03-10 13:45:04.313046,4873.70074191984,272257,-2.784900134724202
HDFCBANK,2026-03-09 13:45:04.313046,815.5045165153672,687025,-3.5567921126684867
HDFCBANK,2026-03-08 13:45:04.313046,3848.446011982552,820001,4.287241237255095
HDFCBANK,2026-03-07 13:45:04.313046,2781.2332327875624,665926,-3.073523484644488
HDFCBANK,2026-03-06 13:45:04.313046,2309.9977489607763,569589,-4.5632295308666055
HDFCBANK,2026-03-05 13:45:04.313046,3778.123147835524,538594,3.549461439564416
HDFCBANK,2026-03-04 13:45:04.313046,1550.875190568443,485001,-0.7498776757992118
HDFCBANK,2026-03-03 13:45:04.313046,2104.071179295189,584632,2.4563473899588315
HDFCBANK,2026-03-02 13:45:04.313046,1438.786449538196,655618,-0.24562857864995102
HDFCBANK,2026-03-01 13:45:04.313046,1942.2768835518502,996297,-0.15241459385709355
HDFCBANK,2026-02-28 13:45:04.313046,2917.5315553870914,505503,-4.215695723241063
ICICIBANK,2026-03-29 13:45:04.313046,4255.798216623989,214491,-1.7440104522627742
ICICIBANK,2026-03-28 13:45:04.313046,1781.8599032827992,476102,2.0228070122710857
ICICIBANK,2026-03-27 13:45:04.313046,1477.698323004648,855328,-0.0068037419565669666
ICICIBANK,2026-03-26 13:45:04.313046,2397.2947677318402,985388,0.1404045007254453
ICICIBANK,2026-03-25 13:45:04.313046,1422.5855394475755,237019,0.19637767059177857
ICICIBANK,2026-03-24 13:45:04.313046,818.0149924014572,550849,0.49373376512371525
ICICIBANK,2026-03-23 13:45:04.313046,3395.4079439120333,993736,-2.4641762377129917
ICICIBANK,2026-03-22 13:45:04.313046,4674.881444601397,24126,0.67655073563534
ICICIBANK,2026-03-21 13:45:04.313046,2200.53130332242,243416,0.8427329030595629
ICICIBANK,2026-03-20 13:45:04.313046,4296.059216637597,898309,2.650366436394992
ICICIBANK,2026-03-19 13:45:04.313046,3688.5770237175175,105314,3.373308378267348
ICICIBANK,2026-03-18 13:45:04.313046,1696.154634663457,833272,-1.4088998707609601
ICICIBANK,2026-03-17 13:45:04.313046,4411.990204478374,589624,-2.4966432635813507
ICICIBANK,2026-03-16 13:45:04.313046,1485.088347974342,117550,-2.844528718778152
ICICIBANK,2026-03-15 13:45:04.313046,3625.7063530967416,335251,-4.542661260464728
ICICIBANK,2026-03-14 13:45:04.313046,3041.473256200432,402616,-2.629732435746189
ICICIBANK,2026-03-13 13:45:04.313046,2892.388912789795,125304,-0.36329383372117086
ICICIBANK,2026-03-12 13:45:04.313046,1358.793804341523,716361,-4.892902506538089
ICICIBANK,2026-03-11 13:45:04.313046,1315.784385118471,937309,-3.919379618456226
ICICIBANK,2026-03-10 13:45:04.313046,4179.920085511093,380537,1.5237411482383223
ICICIBANK,2026-03-09 13:45:04.313046,3868.33324391768,477123,1.1128673767570216
ICICIBANK,2026-03-08 13:45:04.313046,3875.4015568469476,33699,-3.9372327079939486
ICICIBANK,2026-03-07 13:45:04.313046,2034.0363457347464,268043,-2.366791343384639
ICICIBANK,2026-03-06 13:45:04.313046,1748.6450263740876,564924,0.04808490843253832
ICICIBANK,2026-03-05 13:45:04.313046,3961.0105847758978,457950,4.960581072264148
ICICIBANK,2026-03-04 13:45:04.313046,4279.0347172101165,690018,0.029617931155193844
ICICIBANK,2026-03-03 13:45:04.313046,1684.2713260701319,270232,4.998435314743565
ICICIBANK,2026-03-02 13:45:04.313046,1449.3732143985662,732104,-4.618570512377783
ICICIBANK,2026-03-01 13:45:04.313046,1153.5029142612616,112154,-2.405435617891809
ICICIBANK,2026-02-28 13:45:04.313046,741.3860348381403,227457,-0.29145898651759694
WIPRO,2026-03-29 13:45:04.313046,2892.835195730403,362888,-3.1056150604680366
WIPRO,2026-03-28 13:45:04.313046,1541.0495843317208,364145,3.8870228890248484
WIPRO,2026-03-27 13:45:04.313046,2878.702244321769,174792,2.858808266702635
WIPRO,2026-03-26 13:45:04.313046,3411.853651513361,2148,3.380911939152737
WIPRO,2026-03-25 13:45:04.313046,1627.6593978217647,949949,-3.2346771861401793
WIPRO,2026-03-24 13:45:04.313046,3267.100480014591,258876,-1.6461809088297752
WIPRO,2026-03-23 13:45:04.313046,2900.038286318973,682045,3.679568952536357
WIPRO,2026-03-22 13:45:04.313046,1023.4577500627765,919403,-3.6002584467196685
WIPRO,2026-03-21 13:45:04.313046,2894.6925728758324,771148,-1.9462778886311618
WIPRO,2026-03-20 13:45:04.313046,2176.6279938683792,878677,1.522190335086763
WIPRO,2026-03-19 13:45:04.313046,2546.911905054447,261357,-3.112176584746712
WIPRO,2026-03-18 13:45:04.313046,2614.4461371679176,164430,-1.7051954826423343
WIPRO,2026-03-17 13:45:04.313046,1561.6618087798167,12011,-0.18368752772942898
WIPRO,2026-03-16 13:45:04.313046,1956.1543065053525,277915,-0.8982548128920413
WIPRO,2026-03-15 13:45:04.313046,1072.4829064298447,815946,-2.1412385749370646
WIPRO,2026-03-14 13:45:04.313046,2849.392789841115,760807,1.8743776790755353
WIPRO,2026-03-13 13:45:04.313046,2444.9509080677108,93937,1.8716405570736603
WIPRO,2026-03-12 13:45:04.313046,2100.9250032331565,366267,-1.1569905126395041
WIPRO,2026-03-11 13:45:04.313046,3497.7706649137426,622421,-0.8932833376020337
WIPRO,2026-03-10 13:45:04.313046,4299.3795784932045,595708,4.472066178006308
WIPRO,2026-03-09 13:45:04.313046,1032.4248797560094,877218,3.388993765598645
WIPRO,2026-03-08 13:45:04.313046,1263.899354249087,154487,2.0273798069037845
WIPRO,2026-03-07 13:45:04.313046,1687.4507024321774,5274,3.000411836772013
WIPRO,2026-03-06 13:45:04.313046,2248.767804655393,699000,3.192658361335793
WIPRO,2026-03-05 13:45:04.313046,3726.0415943689713,743918,-0.9969373377156545
WIPRO,2026-03-04 13:45:04.313046,1006.9636708061473,330124,0.009315408727670338
WIPRO,2026-03-03 13:45:04.313046,4460.222904593598,347061,-0.6200420598882106
WIPRO,2026-03-02 13:45:04.313046,4261.99532197233,643393,3.7628741980295395
WIPRO,2026-03-01 13:45:04.313046,3021.0658743165036,381284,4.425571677606941
WIPRO,2026-02-28 13:45:04.313046,3722.9932838623863,811358,4.610082229973269
HCLTECH,2026-03-29 13:45:04.313046,3261.598952304366,597498,4.1733222616432055
HCLTECH,2026-03-28 13:45:04.313046,2174.4570465254064,898430,-1.0812246337962774
HCLTECH,2026-03-27 13:45:04.313046,4537.296358497264,46780,-3.1390740528623597
HCLTECH,2026-03-26 13:45:04.313046,2207.4271001860525,284649,1.0167080543509277
HCLTECH,2026-03-25 13:45:04.313046,2154.965218569526,793590,0.6658170617252557
HCLTECH,2026-03-24 13:45:04.313046,3989.673997915194,35865,-1.821659044151065
HCLTECH,2026-03-23 13:45:04.313046,1602.869041706266,233689,3.7576521543303905
HCLTECH,2026-03-22 13:45:04.313046,4975.036072045998,609442,-4.8166075411263085
HCLTECH,2026-03-21 13:45:04.313046,4470.708788396487,34681,2.4908680979390363
HCLTECH,2026-03-20 13:45:04.313046,3379.44566006851,609035,-4.128689520084416
HCLTECH,2026-03-19 13:45:04.313046,811.9274291368783,861823,0.31943171695029804
HCLTECH,2026-03-18 13:45:04.313046,2446.2280286800533,506674,1.0379943056955234
HCLTECH,2026-03-17 13:45:04.313046,1518.4392580328226,140380,2.1365428118392664
HCLTECH,2026-03-16 13:45:04.313046,1180.8827278634208,726012,-4.734487334817198
HCLTECH,2026-03-15 13:45:04.313046,4740.890959545321,315499,-0.6064297607521176
HCLTECH,2026-03-14 13:45:04.313046,3162.9077235041314,325876,-3.109554924392924
HCLTECH,2026-03-13 13:45:04.313046,996.3229153410687,428021,-0.4906118215938431
HCLTECH,2026-03-12 13:45:04.313046,2963.2174925812133,349640,0.7462337958892551
HCLTECH,2026-03-11 13:45:04.313046,4286.163839593672,504251,3.7572665254478927
HCLTECH,2026-03-10 13:45:04.313046,4779.164035624641,551030,1.8666297646031662
HCLTECH,2026-03-09 13:45:04.315242,988.8652070803771,623201,-0.6686960897569625
HCLTECH,2026-03-08 13:45:04.315242,3263.0842153783337,428353,-1.8504893606117214
HCLTECH,2026-03-07 13:45:04.315242,4811.979132216814,634147,-1.6454670473853863
HCLTECH,2026-03-06 13:45:04.315242,4015.165642318102,609268,-2.5184981966826014
HCLTECH,2026-03-05 13:45:04.315242,1785.8618533999636,24774,-2.756080331784345
HCLTECH,2026-03-04 13:45:04.315242,1742.3900641753107,514015,2.4355942632084036
HCLTECH,2026-03-03 13:45:04.315242,1191.4435502547685,843113,-4.2135327559307125
HCLTECH,2026-03-02 13:45:04.315242,664.0006415608577,315437,-2.655246990073221
HCLTECH,2026-03-01 13:45:04.315242,3618.7003609818566,624812,1.8112258115127755
HCLTECH,2026-02-28 13:45:04.315242,949.4288290068457,426128,2.527300244755434
TECHM,2026-03-29 13:45:04.315242,3456.5494188451316,183888,3.006974902895763
TECHM,2026-03-28 13:45:04.315242,3189.3264442629993,516071,-1.0816017251200427
TECHM,2026-03-27 13:45:04.315242,3882.3986965204294,222288,-3.969519272953137
TECHM,2026-03-26 13:45:04.315242,3453.934548056293,924785,-2.2314000497245603
TECHM,2026-03-25 13:45:04.315242,4403.558504020233,784219,-1.5377305505268177
TECHM,2026-03-24 13:45:04.315242,2606.6008855282107,487670,4.426418769689821
TECHM,2026-03-23 13:45:04.315242,3272.884035347838,167087,-0.7561421661225349
TECHM,2026-03-22 13:45:04.315242,4820.267686792502,496822,4.586926220043528
TECHM,2026-03-21 13:45:04.315242,812.1160625590167,613123,-1.820758749787247
TECHM,2026-03-20 13:45:04.315242,1586.7152501607206,325397,-3.218949660073076
TECHM,2026-03-19 13:45:04.315242,4522.650115558399,416686,-0.3533587573791239
TECHM,2026-03-18 13:45:04.315242,909.4434810675373,208658,-0.44477452557697816
TECHM,2026-03-17 13:45:04.315242,2321.8622972613734,460560,3.2750485256936965
TECHM,2026-03-16 13:45:04.315242,3991.357298869246,200355,0.038460260473684116
TECHM,2026-03-15 13:45:04.315242,3888.5722154424684,815728,4.3589161767873765
TECHM,2026-03-14 13:45:04.315242,3892.9542880889403,461687,0.2065712219631779
TECHM,2026-03-13 13:45:04.315242,1867.3315591958933,223289,-3.0109568395547948
TECHM,2026-03-12 13:45:04.315242,4958.421693206846,74075,4.5513104307829995
TECHM,2026-03-11 13:45:04.315242,2019.8708700050286,897986,-0.20016528748181095
TECHM,2026-03-10 13:45:04.315242,2296.3641947069827,600463,1.4248604938261442
TECHM,2026-03-09 13:45:04.315242,1136.7842927516087,36972,2.0546919033109976
TECHM,2026-03-08 13:45:04.315242,4028.728009588267,54160,2.566368477535174
TECHM,2026-03-07 13:45:04.315242,2222.0183010527935,368876,-3.816282930783551
TECHM,2026-03-06 13:45:04.315242,3585.5567690137455,822380,4.638096376706475
TECHM,2026-03-05 13:45:04.315242,1526.6119151122857,583990,-1.7363970550493546
TECHM,2026-03-04 13:45:04.315242,3792.1048751252424,253900,1.3553768666562496
TECHM,2026-03-03 13:45:04.315242,1660.879589814755,769404,-3.928668795648628
TECHM,2026-03-02 13:45:04.315242,1618.5395669794673,220134,-4.044429018723902
TECHM,2026-03-01 13:45:04.315242,917.8149447533826,570350,-3.234948285167112
TECHM,2026-02-28 13:45:04.315242,2332.3936666288373,975812,1.8638629246955851
BHARTIARTL,2026-03-29 13:45:04.315242,3133.798006284791,643798,3.058115747554192
BHARTIARTL,2026-03-28 13:45:04.315242,4283.43724091478,315050,0.8085103837244958
BHARTIARTL,2026-03-27 13:45:04.315242,4242.543675477704,755233,1.4675238504258816
BHARTIARTL,2026-03-26 13:45:04.315242,4595.462840645812,422359,4.236265063467881
BHARTIARTL,2026-03-25 13:45:04.315242,1331.4160633200545,886409,0.5376429397583093
BHARTIARTL,2026-03-24 13:45:04.315242,615.6993682634126,585200,0.2731035864073519
BHARTIARTL,2026-03-23 13:45:04.315242,3935.892755167905,138223,-3.787896218522161
BHARTIARTL,2026-03-22 13:45:04.315242,4311.7651723468625,242749,3.0972925359918975
BHARTIARTL,2026-03-21 13:45:04.315242,1985.815240043341,438347,3.4736000709549746
BHARTIARTL,2026-03-20 13:45:04.315242,1836.9460043454249,565044,0.8677098584606382
BHARTIARTL,2026-03-19 13:45:04.315242,4188.753057805439,404597,-3.2481344963501915
BHARTIARTL,2026-03-18 13:45:04.315242,1509.0304976629254,397751,2.069589765802844
BHARTIARTL,2026-03-17 13:45:04.315242,788.6456530928933,808050,0.8016589277379902
BHARTIARTL,2026-03-16 13:45:04.315242,1603.656963725937,222146,3.984749648850725
BHARTIARTL,2026-03-15 13:45:04.315242,4362.11104316463,709410,-2.3316442556847883
BHARTIARTL,2026-03-14 13:45:04.315242,1722.750488012937,650407,0.32027584961373634
BHARTIARTL,2026-03-13 13:45:04.315242,1353.0051457506634,434437,-3.0158822542423334
BHARTIARTL,2026-03-12 13:45:04.315242,3033.3868392431727,348991,-2.75970240532623
BHARTIARTL,2026-03-11 13:45:04.315242,4958.9437878970975,176096,3.770484752708068
BHARTIARTL,2026-03-10 13:45:04.315242,2790.9143365114037,200651,2.2842817131633204
BHARTIARTL,2026-03-09 13:45:04.315242,715.05562040978,143970,3.4331647129690666
BHARTIARTL,2026-03-08 13:45:04.315242,4710.797434587217,358752,-0.9052622817170146
BHARTIARTL,2026-03-07 13:45:04.315242,1050.6270895922853,717067,2.4818561970244684
BHARTIARTL,2026-03-06 13:45:04.315242,4291.676088678364,295527,1.9579506126906585
BHARTIARTL,2026-03-05 13:45:04.315242,1217.7449628325094,445848,-0.861138143270761
BHARTIARTL,2026-03-04 13:45:04.315242,1667.020341570933,305966,3.168744721876749
BHARTIARTL,2026-03-03 13:45:04.315242,3662.659389262984,912639,1.703417976352898
BHARTIARTL,2026-03-02 13:45:04.315242,1303.4240188586355,623575,-2.503543120712135
BHARTIARTL,2026-03-01 13:45:04.315242,3097.6895139600297,251908,1.3864136010947261
BHARTIARTL,2026-02-28 13:45:04.315242,4177.318345991855,189732,-0.7535899292563988
SBIN,2026-03-29 13:45:04.315242,1457.2843187402502,333254,-0.721621368403623
SBIN,2026-03-28 13:45:04.315242,3381.163970288208,534539,-2.716707028264781
SBIN,2026-03-27 13:45:04.315242,2886.8226817181862,420458,3.4365226186060127
SBIN,2026-03-26 13:45:04.315242,749.6226118335981,543599,-2.2383746836888765
SBIN,2026-03-25 13:45:04.315242,3471.9549934858674,537398,-2.1741011751580586
SBIN,2026-03-24 13:45:04.315242,1085.1284969552742,919034,-4.872852222519501
SBIN,2026-03-23 13:45:04.315242,3227.594870768606,957030,1.00838918886409
SBIN,2026-03-22 13:45:04.315242,3463.1148729312067,857250,-4.021005673931823
SBIN,2026-03-21 13:45:04.315242,3059.176479567124,390903,0.6329956361462328
SBIN,2026-03-20 13:45:04.315242,967.7801004520721,468069,-3.700107433613865
SBIN,2026-03-19 13:45:04.315242,2674.4297310625498,925378,0.4910418690023741
SBIN,2026-03-18 13:45:04.315242,4282.729515944988,637122,-4.024662287319861
SBIN,2026-03-17 13:45:04.315242,1299.4563705304663,709005,-3.1390520537002544
SBIN,2026-03-16 13:45:04.315242,4968.921951089042,586467,-0.877335710011657
SBIN,2026-03-15 13:45:04.315242,1745.737800941193,577783,-3.5051522175926966
SBIN,2026-03-14 13:45:04.315242,1894.3129330996544,113676,-4.165213868065867
SBIN,2026-03-13 13:45:04.315242,1420.1987458013455,179213,-0.259168468021274
SBIN,2026-03-12 13:45:04.315242,3145.0262171949234,465896,-3.90317554154512
SBIN,2026-03-11 13:45:04.315242,2368.3108498721485,237673,2.896478925070052
SBIN,2026-03-10 13:45:04.315242,2051.3889553865247,557646,3.904211437934727
SBIN,2026-03-09 13:45:04.315242,4301.349496366602,640900,3.846071459396498
SBIN,2026-03-08 13:45:04.315242,3938.996954170363,232109,2.4100209407987983
SBIN,2026-03-07 13:45:04.315242,753.5785314332214,839517,-2.1455345889695487
SBIN,2026-03-06 13:45:04.315242,4820.671332583252,528836,-2.9608350149716145
SBIN,2026-03-05 13:45:04.315242,4413.253548403776,685766,1.1955072323262712
SBIN,2026-03-04 13:45:04.315242,3010.87736594089,149915,-4.67062448178406
SBIN,2026-03-03 13:45:04.315242,2109.9486817439097,802092,-4.432757385488053
SBIN,2026-03-02 13:45:04.315242,4974.841913211115,501095,-4.924899686711015
SBIN,2026-03-01 13:45:04.315242,1684.1758645074306,153487,-0.25759881563837883
SBIN,2026-02-28 13:45:04.315242,880.8315378046011,209377,-0.29538902207874607
BAJFINANCE,2026-03-29 13:45:04.315242,4446.075996208414,70212,1.8267669380594853
BAJFINANCE,2026-03-28 13:45:04.315242,899.2172709863448,480489,-2.2259346366025046
BAJFINANCE,2026-03-27 13:45:04.315242,4468.647728366505,146377,1.8766272210429724
BAJFINANCE,2026-03-26 13:45:04.315242,1239.3558457719369,602194,-1.3765467775343643
BAJFINANCE,2026-03-25 13:45:04.315242,1401.7876209262017,513935,3.148629789763989
BAJFINANCE,2026-03-24 13:45:04.315242,1701.924089282981,896080,0.2789857017072279
BAJFINANCE,2026-03-23 13:45:04.315242,2148.793687528285,369221,-2.107195624728698
BAJFINANCE,2026-03-22 13:45:04.315242,3385.781732226001,710105,-4.845080102720518
BAJFINANCE,2026-03-21 13:45:04.315242,2014.7640563354164,551018,0.636236549208804
BAJFINANCE,2026-03-20 13:45:04.315242,1845.8503452248622,974618,-1.9330230161922177
BAJFINANCE,2026-03-19 13:45:04.315242,3853.127953103173,529757,4.588869322437656
BAJFINANCE,2026-03-18 13:45:04.315242,3467.3599061128643,105108,-1.1810508953016727
BAJFINANCE,2026-03-17 13:45:04.315242,4955.5444930587455,293488,-1.465718099143408
BAJFINANCE,2026-03-16 13:45:04.315242,3810.167837737409,716637,2.791310948313659
BAJFINANCE,2026-03-15 13:45:04.315242,4053.6228365475185,74152,-1.7467897693891676
BAJFINANCE,2026-03-14 13:45:04.315242,3480.5788147759054,255440,3.115703216223416
BAJFINANCE,2026-03-13 13:45:04.315242,3638.6687169462243,689933,-2.5496426664905147
BAJFINANCE,2026-03-12 13:45:04.315242,779.3630885663168,340173,4.901987098688361
BAJFINANCE,2026-03-11 13:45:04.315242,3639.3057243922594,752014,3.076493748791492
BAJFINANCE,2026-03-10 13:45:04.315242,2433.826656888817,939744,-3.619546125448575
BAJFINANCE,2026-03-09 13:45:04.315242,1034.076425073278,37936,2.564007371108824
BAJFINANCE,2026-03-08 13:45:04.315242,743.1338959849193,160607,1.7248459007534986
BAJFINANCE,2026-03-07 13:45:04.315242,2224.2834533821583,765371,4.2613426384075055
BAJFINANCE,2026-03-06 13:45:04.315242,4592.881658162849,774893,4.080013504110182
BAJFINANCE,2026-03-05 13:45:04.315242,1141.5569160916227,398181,2.7203843874149563
BAJFINANCE,2026-03-04 13:45:04.315242,594.1132744193033,86241,1.4222218148242458
BAJFINANCE,2026-03-03 13:45:04.315242,973.9528288744011,456411,-3.000609447530845
BAJFINANCE,2026-03-02 13:45:04.315242,3755.035221782207,391876,-4.595853154480941
BAJFINANCE,2026-03-01 13:45:04.315242,4358.345807265663,576572,-2.579855088497902
BAJFINANCE,2026-02-28 13:45:04.315242,1072.0606580420385,602113,0.43502428038276797
ASIANPAINT,2026-03-29 13:45:04.315242,608.6399410200299,953666,-0.15139751703930138
ASIANPAINT,2026-03-28 13:45:04.315242,1910.800133376028,759426,2.8625766596876945
ASIANPAINT,2026-03-27 13:45:04.315242,4456.889265726156,947227,4.577219952978069
ASIANPAINT,2026-03-26 13:45:04.315242,3889.3093823278505,616346,-0.6470527070730103
ASIANPAINT,2026-03-25 13:45:04.315242,804.2022159930056,81721,-4.6662933935228725
ASIANPAINT,2026-03-24 13:45:04.315242,3557.292529848785,172465,-0.8371150967925667
ASIANPAINT,2026-03-23 13:45:04.315242,2522.83898729492,8062,1.6257847904162217
ASIANPAINT,2026-03-22 13:45:04.315242,1855.8251736470622,26271,-3.034177897771011
ASIANPAINT,2026-03-21 13:45:04.315242,2306.4199575003595,209771,1.4159337523713553
ASIANPAINT,2026-03-20 13:45:04.315242,2300.1741327942027,188208,1.306147340376289
ASIANPAINT,2026-03-19 13:45:04.315242,569.3861011093167,759400,-1.8614137557443176
ASIANPAINT,2026-03-18 13:45:04.315242,1189.0696922538878,895953,-3.971899399079902
ASIANPAINT,2026-03-17 13:45:04.315242,897.8475366068669,933204,4.106737772314968
ASIANPAINT,2026-03-16 13:45:04.315242,675.1881755523217,944255,-1.3830722648845892
ASIANPAINT,2026-03-15 13:45:04.315242,2538.6015531953026,761587,0.03641131061865455
ASIANPAINT,2026-03-14 13:45:04.315242,3018.5936285060575,732110,-2.2095816163266635
ASIANPAINT,2026-03-13 13:45:04.315242,3416.5066982430494,865767,1.1203727403011658
ASIANPAINT,2026-03-12 13:45:04.315242,2619.2574792362584,341833,0.5693810664633485
ASIANPAINT,2026-03-11 13:45:04.315242,2292.5388831816217,445344,1.1356706354641712
ASIANPAINT,2026-03-10 13:45:04.315242,4518.100201432235,933666,-4.793470213407755
ASIANPAINT,2026-03-09 13:45:04.315242,1436.7746557721653,549446,2.2479512256482295
ASIANPAINT,2026-03-08 13:45:04.315242,4711.133377045701,124001,-0.5982827468007894
ASIANPAINT,2026-03-07 13:45:04.315242,1929.8193453609886,320995,3.3728792160929473
ASIANPAINT,2026-03-06 13:45:04.315242,1117.4187253869059,837682,-3.2904100665260385
ASIANPAINT,2026-03-05 13:45:04.315242,921.1766519237358,773867,-0.04815459005217093
ASIANPAINT,2026-03-04 13:45:04.315242,2529.1903741219176,73547,-2.9488092591267447
ASIANPAINT,2026-03-03 13:45:04.315242,4392.052629591176,534087,2.189762135367957
ASIANPAINT,2026-03-02 13:45:04.315242,750.2936883678601,616252,-2.6198366488615807
ASIANPAINT,2026-03-01 13:45:04.315242,3313.2513921495847,797301,0.5306439744498261
ASIANPAINT,2026-02-28 13:45:04.315242,4042.857719221358,516061,-2.2789784643286692
MARUTI,2026-03-29 13:45:04.315242,2524.9907091826526,507661,-3.8820580372376856
MARUTI,2026-03-28 13:45:04.315242,4782.526249469649,364412,1.5858070759976028
MARUTI,2026-03-27 13:45:04.315242,1501.1158458371426,710814,4.480546272277442
MARUTI,2026-03-26 13:45:04.315242,1941.5854935524671,756949,-0.14596317304160333
MARUTI,2026-03-25 13:45:04.315242,2297.312213298286,896976,-1.6507717579173709
MARUTI,2026-03-24 13:45:04.315242,1509.0199737576222,367456,0.005936177409461507
MARUTI,2026-03-23 13:45:04.315242,2351.08686085306,694077,3.956472433163828
MARUTI,2026-03-22 13:45:04.315242,3110.198987669739,864477,-1.18685001509929
MARUTI,2026-03-21 13:45:04.315242,4278.42020510795,512081,2.6543473643498654
MARUTI,2026-03-20 13:45:04.315242,1284.4546737794758,722240,1.6272091275354814
MARUTI,2026-03-19 13:45:04.315242,4953.505422309073,507854,-3.181792513764142
MARUTI,2026-03-18 13:45:04.315242,557.4449760205592,217032,-3.986345571577179
MARUTI,2026-03-17 13:45:04.315242,3801.2375207246105,150052,-0.46810401049934214
MARUTI,2026-03-16 13:45:04.315242,2541.6160902295687,357876,2.480897322449067
MARUTI,2026-03-15 13:45:04.315242,612.3180964713717,642062,0.7474714904642932
MARUTI,2026-03-14 13:45:04.315242,4390.858396332549,413447,2.8671671153097824
MARUTI,2026-03-13 13:45:04.315242,1271.90246665582,659188,-3.6927633923576453
MARUTI,2026-03-12 13:45:04.315242,4900.665550959174,482699,-2.1512665015964894
MARUTI,2026-03-11 13:45:04.315242,4159.047813793042,286833,2.897332671317006
MARUTI,2026-03-10 13:45:04.315242,3553.865162048028,130135,2.193956156476654
MARUTI,2026-03-09 13:45:04.315242,2741.6513976598717,137336,0.7895272274050402
MARUTI,2026-03-08 13:45:04.315242,3160.4121264386254,296622,4.555631726391017
MARUTI,2026-03-07 13:45:04.315242,3958.4372437788206,419281,3.8939952068857835
MARUTI,2026-03-06 13:45:04.315242,2013.7155914436091,952609,-1.5769680793803884
MARUTI,2026-03-05 13:45:04.315242,1334.1698965274873,862139,-0.22330441884264918
MARUTI,2026-03-04 13:45:04.315242,3446.088095439794,802154,3.1252037242592383
MARUTI,2026-03-03 13:45:04.315242,3224.144178344689,241939,4.3506723316682265
MARUTI,2026-03-02 13:45:04.315242,907.471144812911,938737,-2.813958081684964
MARUTI,2026-03-01 13:45:04.315242,2123.765632236127,153462,2.405232436773561
MARUTI,2026-02-28 13:45:04.315242,801.2405397480738,859752,-4.701767659283132
TITAN,2026-03-29 13:45:04.315242,3517.6988571924458,847872,-4.851582187349886
TITAN,2026-03-28 13:45:04.315242,3391.3899767644352,129810,-1.8328721550654805
TITAN,2026-03-27 13:45:04.315242,2499.542543231752,802135,-2.5573228013590588
TITAN,2026-03-26 13:45:04.315242,1121.585506919307,854721,-1.9025924064291
TITAN,2026-03-25 13:45:04.315242,1136.1521747295428,226793,4.05738470962109
TITAN,2026-03-24 13:45:04.315242,2744.8347312178144,965469,-2.0242719780040233
TITAN,2026-03-23 13:45:04.315242,2294.621277346263,639793,-2.1278818518346343
TITAN,2026-03-22 13:45:04.315242,1504.3175801577431,899080,1.5341730036427883
TITAN,2026-03-21 13:45:04.315242,3944.2470546878058,404945,-4.317141856729504
TITAN,2026-03-20 13:45:04.315242,2465.6701252036455,336363,4.866478535220702
TITAN,2026-03-19 13:45:04.315242,1658.1484451234294,327293,-4.078640618292576
TITAN,2026-03-18 13:45:04.318276,2936.5149942454414,287583,2.584549039150411
TITAN,2026-03-17 13:45:04.318276,3527.2076153085504,525247,0.7066196544466683
TITAN,2026-03-16 13:45:04.318276,1663.4407750116175,376654,-4.816718668096085
TITAN,2026-03-15 13:45:04.318276,3276.1078209767825,886412,-4.278014123859734
TITAN,2026-03-14 13:45:04.318276,3852.070264989602,201034,-4.753023226028788
TITAN,2026-03-13 13:45:04.318276,3385.448682533064,802516,3.5860785627667937
TITAN,2026-03-12 13:45:04.318276,3806.0860961050726,711946,-4.216450618042197
TITAN,2026-03-11 13:45:04.318276,1330.6482442032052,357316,4.70074908043777
TITAN,2026-03-10 13:45:04.318276,1253.8756983765718,227329,-3.070185009083345
TITAN,2026-03-09 13:45:04.318276,1708.7904626838051,965211,2.863682201920458
TITAN,2026-03-08 13:45:04.318276,2932.4516363125413,104304,-3.7166030959833227
TITAN,2026-03-07 13:45:04.318276,3799.3832081924843,163115,-2.4315019910605464
TITAN,2026-03-06 13:45:04.318276,3238.1304674642333,769476,-1.1487647153035696
TITAN,2026-03-05 13:45:04.318276,2124.7129109775624,276733,0.035232057010833984
TITAN,2026-03-04 13:45:04.318276,3498.519876029261,455115,-0.7011129130609017
TITAN,2026-03-03 13:45:04.318276,4476.21067391418,322955,4.065869060344179
TITAN,2026-03-02 13:45:04.318276,2532.323895709742,817090,-0.9628279729054761
TITAN,2026-03-01 13:45:04.318276,1275.957683430469,785384,4.653547122651066
TITAN,2026-02-28 13:45:04.318276,655.2856797051413,158567,-1.6084262141424621
ULTRACEMCO,2026-03-29 13:45:04.318276,935.2338831003414,532598,0.912578386325924
ULTRACEMCO,2026-03-28 13:45:04.318276,4158.65982416187,833871,-1.7698674177626286
ULTRACEMCO,2026-03-27 13:45:04.318276,3993.170400621547,779023,-4.368004559191011
ULTRACEMCO,2026-03-26 13:45:04.318276,589.801185073688,755583,2.5532786381869643
ULTRACEMCO,2026-03-25 13:45:04.318276,3440.5216840642115,668853,-4.893176542785584
ULTRACEMCO,2026-03-24 13:45:04.318276,1790.8429632868222,942188,-2.0226652524748125
ULTRACEMCO,2026-03-23 13:45:04.318276,976.2482136561537,898487,-4.374266354974093
ULTRACEMCO,2026-03-22 13:45:04.318276,1692.603760415061,614884,0.7034837171850938
ULTRACEMCO,2026-03-21 13:45:04.318276,890.2070449195041,90674,3.0950796433788064
ULTRACEMCO,2026-03-20 13:45:04.318276,3868.405326092944,567117,-2.616981082785218
ULTRACEMCO,2026-03-19 13:45:04.318276,3914.0710626889254,4644,-3.2944545989182683
ULTRACEMCO,2026-03-18 13:45:04.318276,4115.143006329463,742793,3.377096625133971
ULTRACEMCO,2026-03-17 13:45:04.318276,2179.0767817666583,126626,1.0825822626903072
ULTRACEMCO,2026-03-16 13:45:04.318276,1166.1696959914066,281254,0.4456938633638261
ULTRACEMCO,2026-03-15 13:45:04.318276,1079.0485499440583,827109,3.7511449377025965
ULTRACEMCO,2026-03-14 13:45:04.318276,3191.4275504127345,83007,-2.013049021081282
ULTRACEMCO,2026-03-13 13:45:04.318276,2158.2540749331506,919553,-4.9619548850827835
ULTRACEMCO,2026-03-12 13:45:04.318276,3537.2136615436048,351567,0.16421960492267296
ULTRACEMCO,2026-03-11 13:45:04.318276,2642.2754615117947,802832,1.667399208359721
ULTRACEMCO,2026-03-10 13:45:04.318276,680.5927460527612,170231,1.1120926967164575
ULTRACEMCO,2026-03-09 13:45:04.318276,4258.177537750213,900951,2.463528736337506
ULTRACEMCO,2026-03-08 13:45:04.318276,3779.335165133004,745122,-1.041226722639844
ULTRACEMCO,2026-03-07 13:45:04.318276,4898.412581698758,647613,0.7703005228880855
ULTRACEMCO,2026-03-06 13:45:04.318276,2917.5917364627812,171390,-1.8202488591875277
ULTRACEMCO,2026-03-05 13:45:04.318276,4634.272711253424,387707,0.2749739401302964
ULTRACEMCO,2026-03-04 13:45:04.318276,1026.7413561338817,314405,-4.366450781428992
ULTRACEMCO,2026-03-03 13:45:04.318276,2178.746585591559,183505,1.4887422365457752
ULTRACEMCO,2026-03-02 13:45:04.318276,4227.581784668971,891681,-0.6064335503637261
ULTRACEMCO,2026-03-01 13:45:04.318276,4823.4533254835505,678412,-1.2934680115944621
ULTRACEMCO,2026-02-28 13:45:04.318276,4211.014305782406,513286,-3.580083512579393
SUNPHARMA,2026-03-29 13:45:04.318276,1850.3640250595922,260293,4.0363526643843155
SUNPHARMA,2026-03-28 13:45:04.318276,3407.0385563719424,74413,-3.071870709201839
SUNPHARMA,2026-03-27 13:45:04.318276,645.5460790940169,13809,-1.563206661082519
SUNPHARMA,2026-03-26 13:45:04.318276,1865.2951820091098,967284,3.4876839663864025
SUNPHARMA,2026-03-25 13:45:04.318276,2364.2428258957407,735828,-4.211852094576265
SUNPHARMA,2026-03-24 13:45:04.318276,885.1265223328708,511725,2.906212207405451
SUNPHARMA,2026-03-23 13:45:04.318276,3604.3306376954956,860889,3.4550505377243805
SUNPHARMA,2026-03-22 13:45:04.318276,978.008594254524,312538,2.9987863467402276
SUNPHARMA,2026-03-21 13:45:04.318276,3091.3519684370794,215001,-4.7314840323605765
SUNPHARMA,2026-03-20 13:45:04.318276,2326.75478667637,302194,-1.779272204674215
SUNPHARMA,2026-03-19 13:45:04.318276,1264.1230010489317,365588,1.6040164186201338
SUNPHARMA,2026-03-18 13:45:04.318276,2951.1310717152487,334721,-0.6430625972669057
SUNPHARMA,2026-03-17 13:45:04.318276,4313.10996358494,323456,3.201396421637577
SUNPHARMA,2026-03-16 13:45:04.318276,1063.9501580870624,186055,-4.4023575193285716
SUNPHARMA,2026-03-15 13:45:04.318276,1295.7560350203678,127615,-2.837908272079285
SUNPHARMA,2026-03-14 13:45:04.318276,3688.9545588404544,275150,2.1168399987887057
SUNPHARMA,2026-03-13 13:45:04.318276,3400.0011061054015,315167,1.8606527022993138
SUNPHARMA,2026-03-12 13:45:04.318276,3469.7780154172715,402844,-2.4523382754607126
SUNPHARMA,2026-03-11 13:45:04.318276,3231.112241459296,673624,2.6054010645884773
SUNPHARMA,2026-03-10 13:45:04.318276,3631.639343479464,380729,0.6031235432983495
SUNPHARMA,2026-03-09 13:45:04.318276,4519.937755740693,994152,2.378861496122795
SUNPHARMA,2026-03-08 13:45:04.318276,3596.8512055494284,94147,0.9650713043680339
SUNPHARMA,2026-03-07 13:45:04.318276,1582.4242263290062,953230,0.6980188660413607
SUNPHARMA,2026-03-06 13:45:04.318276,4160.8321009496485,953925,2.8887055773364354
SUNPHARMA,2026-03-05 13:45:04.318276,3880.211763498339,955160,3.9288962568676222
SUNPHARMA,2026-03-04 13:45:04.318276,1903.7634041141682,670792,-4.558356171907864
SUNPHARMA,2026-03-03 13:45:04.318276,1290.168663046779,937171,4.081268599470288
SUNPHARMA,2026-03-02 13:45:04.318276,4944.670945289145,183708,3.2939457577491513
SUNPHARMA,2026-03-01 13:45:04.318276,2550.9562900426254,905666,-2.4121594915874334
SUNPHARMA,2026-02-28 13:45:04.318276,4779.328772813676,620135,-3.9088470744958013
NESTLEIND,2026-03-29 13:45:04.318276,1549.0945172919073,728069,0.4156608461517024
NESTLEIND,2026-03-28 13:45:04.318276,2108.0290729156495,85634,-1.4568150120986187
NESTLEIND,2026-03-27 13:45:04.318276,4896.395428973634,167325,-1.1607880309849863
NESTLEIND,2026-03-26 13:45:04.318276,3109.2814148556213,404009,4.778376340111333
NESTLEIND,2026-03-25 13:45:04.318276,2745.1417380522153,421967,2.046813855057561
NESTLEIND,2026-03-24 13:45:04.318276,3684.235070757942,587180,-2.93856607516188
NESTLEIND,2026-03-23 13:45:04.318276,4152.6576311986955,109938,4.9751795066073665
NESTLEIND,2026-03-22 13:45:04.318276,2252.089036257838,8782,-0.5391059494688646
NESTLEIND,2026-03-21 13:45:04.318276,3348.700203624884,840702,-2.201457221039256
NESTLEIND,2026-03-20 13:45:04.318276,948.2728230299024,465474,3.3758627835520443
NESTLEIND,2026-03-19 13:45:04.318276,4025.1554247425906,764600,4.6043596392117205
NESTLEIND,2026-03-18 13:45:04.318276,1091.1699011477626,83862,0.45296333557852364
NESTLEIND,2026-03-17 13:45:04.318276,4764.331531271936,727273,-0.5176621626646138
NESTLEIND,2026-03-16 13:45:04.318276,4475.01768047098,377796,1.203764713544441
NESTLEIND,2026-03-15 13:45:04.318276,2196.0907206904626,76037,4.788154490958954
NESTLEIND,2026-03-14 13:45:04.318276,3605.709360485695,764796,-1.606327983646353
NESTLEIND,2026-03-13 13:45:04.318276,1055.2965495520984,632067,1.188929381625929
NESTLEIND,2026-03-12 13:45:04.318276,3565.820821485055,455768,-2.1435027476195234
NESTLEIND,2026-03-11 13:45:04.318276,2155.5157076352734,665537,-0.914858645495479
NESTLEIND,2026-03-10 13:45:04.318276,2493.3886192175714,245348,-2.0644967296817884
NESTLEIND,2026-03-09 13:45:04.318276,4281.3756698564375,717765,-4.991741162507236
NESTLEIND,2026-03-08 13:45:04.318276,1161.4694088074016,671196,-0.37370322837976566
NESTLEIND,2026-03-07 13:45:04.318276,4542.577060171201,177543,-0.07380307867923452
NESTLEIND,2026-03-06 13:45:04.318276,4947.932024891734,799521,-3.8949208184838238
NESTLEIND,2026-03-05 13:45:04.318276,2818.977520001678,896724,2.284785086550216
NESTLEIND,2026-03-04 13:45:04.318276,2330.3649555878123,766737,0.4119032944082779
NESTLEIND,2026-03-03 13:45:04.318276,3873.8801886693795,93289,4.567678548057216
NESTLEIND,2026-03-02 13:45:04.318276,4928.464551550926,603583,4.286476304669657
NESTLEIND,2026-03-01 13:45:04.318276,4952.431926952029,622710,3.7823625062243487
NESTLEIND,2026-02-28 13:45:04.318276,4212.849031986503,535716,3.539459456886398
JSWSTEEL,2026-03-29 13:45:04.318276,1105.7608265809708,741094,0.95092348377033
JSWSTEEL,2026-03-28 13:45:04.318276,3509.801294540223,568738,-4.978723985291126
JSWSTEEL,2026-03-27 13:45:04.318276,1083.331801843576,868870,-3.7538635431062186
JSWSTEEL,2026-03-26 13:45:04.318276,975.7407138862243,413970,-0.09699912572662406
JSWSTEEL,2026-03-25 13:45:04.318276,2542.090897208166,540436,1.6558466634873517
JSWSTEEL,2026-03-24 13:45:04.318276,1649.3774183059902,705815,4.4854634501187345
JSWSTEEL,2026-03-23 13:45:04.318276,4665.741134359015,423867,4.4543170011716615
JSWSTEEL,2026-03-22 13:45:04.318276,1700.1636169347166,369975,-1.4443298846114185
JSWSTEEL,2026-03-21 13:45:04.318276,3835.904014858392,336908,-2.091212148720457
JSWSTEEL,2026-03-20 13:45:04.318276,1321.4672271051243,148106,2.7212574162923344
JSWSTEEL,2026-03-19 13:45:04.318276,701.6847070849057,754123,-0.5449926503436275
JSWSTEEL,2026-03-18 13:45:04.318276,1866.849623558212,579374,-2.3501877250411196
JSWSTEEL,2026-03-17 13:45:04.318276,2700.8813576539787,101635,-3.3534541319959734
JSWSTEEL,2026-03-16 13:45:04.318276,1356.342325778085,186407,4.106979387222939
JSWSTEEL,2026-03-15 13:45:04.318276,4614.626842650457,396837,4.033766428341362
JSWSTEEL,2026-03-14 13:45:04.318276,3621.1371309918845,415466,2.2289995863570136
JSWSTEEL,2026-03-13 13:45:04.318276,4304.942339978423,393566,-3.5170136834085506
JSWSTEEL,2026-03-12 13:45:04.318276,2627.6633579017744,440514,-0.18604238167117693
JSWSTEEL,2026-03-11 13:45:04.318276,4084.6633148479027,437738,-3.4319432013338225
JSWSTEEL,2026-03-10 13:45:04.318276,4607.21769599591,182476,2.414168530827082
JSWSTEEL,2026-03-09 13:45:04.318276,930.0145997119278,533327,0.8951890163112903
JSWSTEEL,2026-03-08 13:45:04.318276,4868.652135121043,56655,4.697371337765709
JSWSTEEL,2026-03-07 13:45:04.318276,3082.181356859495,808907,4.227144827362194
JSWSTEEL,2026-03-06 13:45:04.318276,2478.540534081813,721826,3.7632014764288986
JSWSTEEL,2026-03-05 13:45:04.318276,1059.180543746737,920250,-0.438410443236239
JSWSTEEL,2026-03-04 13:45:04.318276,955.187841485933,7088,0.04682529002228364
JSWSTEEL,2026-03-03 13:45:04.318276,1658.409012989598,79111,1.7617313574933533
JSWSTEEL,2026-03-02 13:45:04.318276,1172.7539368336504,594052,4.042100088013553
JSWSTEEL,2026-03-01 13:45:04.318276,2387.95456211665,196607,-4.906567910819669
JSWSTEEL,2026-02-28 13:45:04.318276,2830.5028130001247,727096,-2.532465686748071
TATASTEEL,2026-03-29 13:45:04.318276,3714.6513921151627,622057,-1.9938054834246421
TATASTEEL,2026-03-28 13:45:04.318276,543.5418774372965,501952,-0.4652689119981748
TATASTEEL,2026-03-27 13:45:04.318276,3788.2423597220245,802510,-0.12940083699719462
TATASTEEL,2026-03-26 13:45:04.320294,4001.818426732974,441451,-2.0070054350660516
TATASTEEL,2026-03-25 13:45:04.320294,950.349809226155,921658,-2.099655924345667
TATASTEEL,2026-03-24 13:45:04.320294,3309.3942185382234,797681,-1.6602970778962467
TATASTEEL,2026-03-23 13:45:04.320294,1662.5214229714506,966574,2.480539171884752
TATASTEEL,2026-03-22 13:45:04.320294,2235.8569993837973,836545,0.33800414290094505
TATASTEEL,2026-03-21 13:45:04.320294,2048.159779021057,724483,2.7994896957287274
TATASTEEL,2026-03-20 13:45:04.320294,2466.5936750390892,888899,3.373659405869194
TATASTEEL,2026-03-19 13:45:04.320294,1439.6909984347324,140840,2.1602195928606314
TATASTEEL,2026-03-18 13:45:04.320294,2872.643240090492,646746,0.02340565740488998
TATASTEEL,2026-03-17 13:45:04.320294,4391.70315656698,851262,2.260870894783464
TATASTEEL,2026-03-16 13:45:04.320294,3474.749090156546,844826,-0.2954657392656017
TATASTEEL,2026-03-15 13:45:04.320294,3830.456113199035,306424,0.9168857897132963
TATASTEEL,2026-03-14 13:45:04.320294,4511.068323944077,350267,1.2962260432032968
TATASTEEL,2026-03-13 13:45:04.320294,632.3739515588005,472577,1.326434975939419
TATASTEEL,2026-03-12 13:45:04.320294,4851.853562680413,976578,-2.305807047619741
TATASTEEL,2026-03-11 13:45:04.320294,4453.046129480491,293092,-2.309217324093873
TATASTEEL,2026-03-10 13:45:04.320294,3043.5468475429157,357213,4.265324404407613
TATASTEEL,2026-03-09 13:45:04.320294,696.1941646373423,881094,-3.96915485553862
TATASTEEL,2026-03-08 13:45:04.320294,4451.689374706964,361332,2.328482426685044
TATASTEEL,2026-03-07 13:45:04.320294,748.6484153801724,841467,-0.8232506592215696
TATASTEEL,2026-03-06 13:45:04.320294,4099.019195829139,191594,-3.0430415085970575
TATASTEEL,2026-03-05 13:45:04.320294,2504.3875802691573,161512,1.6972487547929234
TATASTEEL,2026-03-04 13:45:04.320294,3961.9525973256677,360259,4.1466473577760805
TATASTEEL,2026-03-03 13:45:04.320294,2103.811414261686,779141,-0.8332655567422016
TATASTEEL,2026-03-02 13:45:04.320294,4963.527424069781,333246,-2.841759309828391
TATASTEEL,2026-03-01 13:45:04.320294,1893.114499843933,320475,-3.965385427935426
TATASTEEL,2026-02-28 13:45:04.320294,1643.6166935353635,30966,4.756340292299715
ADANIENT,2026-03-29 13:45:04.320294,1398.3440405339325,647141,-2.3868196702832845
ADANIENT,2026-03-28 13:45:04.320294,1064.3338507575377,912414,-3.004024782381326
ADANIENT,2026-03-27 13:45:04.320294,1295.449659163121,373078,2.455605484919835
ADANIENT,2026-03-26 13:45:04.320294,2691.2011712895223,438552,-2.0946595478157626
ADANIENT,2026-03-25 13:45:04.320294,514.4617144909935,857013,-0.48419231820416897
ADANIENT,2026-03-24 13:45:04.320294,3555.7217402564083,81878,4.2872869629870145
ADANIENT,2026-03-23 13:45:04.320294,1098.7188368871155,298551,-4.47763652011524
ADANIENT,2026-03-22 13:45:04.320294,945.3963108014761,696694,3.5564190473838995
ADANIENT,2026-03-21 13:45:04.320294,2290.466705630515,883571,-1.9047739253489357
ADANIENT,2026-03-20 13:45:04.320294,1823.908761249469,208607,-2.0660880314842887
ADANIENT,2026-03-19 13:45:04.320294,4246.211628614776,159201,-4.997034233448439
ADANIENT,2026-03-18 13:45:04.320294,1482.6829090781134,957260,3.239516887971936
ADANIENT,2026-03-17 13:45:04.320294,2280.583588882103,193790,-2.5175203153585732
ADANIENT,2026-03-16 13:45:04.320294,2390.4839465218865,406554,-3.321893267098588
ADANIENT,2026-03-15 13:45:04.320294,2504.027373989226,551094,4.609473102036853
ADANIENT,2026-03-14 13:45:04.320294,2384.0376952220213,650489,-3.131677489865834
ADANIENT,2026-03-13 13:45:04.320294,2683.469598408662,913548,-2.820012411386453
ADANIENT,2026-03-12 13:45:04.320294,4919.719653362065,313425,-3.479721162273611
ADANIENT,2026-03-11 13:45:04.320294,4124.917182819983,270643,1.5913628454990105
ADANIENT,2026-03-10 13:45:04.320294,1427.3192481207016,530004,-2.737129016690777
ADANIENT,2026-03-09 13:45:04.320294,4302.769405779214,997643,2.654161357837083
ADANIENT,2026-03-08 13:45:04.320294,2234.437346152386,259272,-3.005674056722242
ADANIENT,2026-03-07 13:45:04.320294,886.5679661655057,446300,-2.642327738197263
ADANIENT,2026-03-06 13:45:04.320294,3881.9086694082393,434366,3.575063416915862
ADANIENT,2026-03-05 13:45:04.320294,4923.921912717535,818522,-3.0557467214578615
ADANIENT,2026-03-04 13:45:04.320294,664.0608655185545,222606,1.2762856550065758
ADANIENT,2026-03-03 13:45:04.320294,1917.5705707853251,324643,-1.666980140487829
ADANIENT,2026-03-02 13:45:04.320294,2404.1866163225345,140316,0.2070639663898799
ADANIENT,2026-03-01 13:45:04.320294,518.380268439619,875148,2.9329576861770237
ADANIENT,2026-02-28 13:45:04.320294,3572.933614708545,17500,-3.058260481753546
ADANIPORTS,2026-03-29 13:45:04.320294,2995.9273566106745,677214,1.4765423416072245
ADANIPORTS,2026-03-28 13:45:04.320294,1633.3831267876367,974489,3.739069935052102
ADANIPORTS,2026-03-27 13:45:04.320294,4573.411918141854,202389,-0.39282530268209737
ADANIPORTS,2026-03-26 13:45:04.320294,3335.287062159675,244018,2.3280915403187583
ADANIPORTS,2026-03-25 13:45:04.320294,2062.904744422023,448880,1.8702046975326505
ADANIPORTS,2026-03-24 13:45:04.320294,1092.1801733433667,210208,-0.4071044338416421
ADANIPORTS,2026-03-23 13:45:04.320294,3458.276653305349,938517,-0.732517608937167
ADANIPORTS,2026-03-22 13:45:04.320294,3949.681909474921,520965,-2.7014403679116707
ADANIPORTS,2026-03-21 13:45:04.320294,606.2643007906108,106129,-3.02799653223481
ADANIPORTS,2026-03-20 13:45:04.320294,3184.089035317106,590660,-2.786713728437411
ADANIPORTS,2026-03-19 13:45:04.320294,4232.613557044339,113045,-4.705141344176832
ADANIPORTS,2026-03-18 13:45:04.320294,3011.329446658298,42370,-2.6056780498236565
ADANIPORTS,2026-03-17 13:45:04.320294,3565.975728319094,308355,-4.823784880451976
ADANIPORTS,2026-03-16 13:45:04.320294,2397.2584668204836,511663,1.591791038111002
ADANIPORTS,2026-03-15 13:45:04.320294,3871.8999097959572,399501,3.2473782526576063
ADANIPORTS,2026-03-14 13:45:04.320294,2009.2259445614177,374289,-1.0724123829903753
ADANIPORTS,2026-03-13 13:45:04.320294,3674.655338458573,59568,-3.1245617525058575
ADANIPORTS,2026-03-12 13:45:04.321299,2976.6165844430375,730084,1.7019676733372755
ADANIPORTS,2026-03-11 13:45:04.321299,1544.9086296137489,555766,0.5654746919284932
ADANIPORTS,2026-03-10 13:45:04.321299,4415.36969682115,440697,4.8779893476070395
ADANIPORTS,2026-03-09 13:45:04.321299,3335.07405980272,194965,-4.839448520598903
ADANIPORTS,2026-03-08 13:45:04.321299,3405.6666807149863,452482,0.5633040414779797
ADANIPORTS,2026-03-07 13:45:04.321299,1722.1871600996503,278463,3.2027235164916448
ADANIPORTS,2026-03-06 13:45:04.321299,1354.2151833592825,484826,1.4631488760726388
ADANIPORTS,2026-03-05 13:45:04.321299,3608.077932298872,90776,-0.6190526886223315
ADANIPORTS,2026-03-04 13:45:04.321299,3572.0300720386867,619124,-1.2889844776869062
ADANIPORTS,2026-03-03 13:45:04.321299,4111.499699885224,556995,0.009580162286027871
ADANIPORTS,2026-03-02 13:45:04.321299,1996.8563771971824,796861,-1.979572246570088
ADANIPORTS,2026-03-01 13:45:04.321299,2799.8868863759303,287556,3.6922932306475147
ADANIPORTS,2026-02-28 13:45:04.321299,520.5179680535169,467853,-1.3877160188753068
HINDALCO,2026-03-29 13:45:04.321299,1414.5561595487202,934212,-1.4824002462728938
HINDALCO,2026-03-28 13:45:04.321299,2026.8109007374105,697600,2.202599802101778
HINDALCO,2026-03-27 13:45:04.321299,3188.160470709079,154663,-0.2809410551360383
HINDALCO,2026-03-26 13:45:04.321299,3167.2435743422375,608141,3.8234876647016005
HINDALCO,2026-03-25 13:45:04.321299,1161.5527460381309,663953,1.9209886122226747
HINDALCO,2026-03-24 13:45:04.321299,641.0703897613855,417135,-3.2402028935869023
HINDALCO,2026-03-23 13:45:04.321299,4526.330243228069,267277,-0.18452232954522962
HINDALCO,2026-03-22 13:45:04.321299,3368.321514700203,334649,4.469798602090233
HINDALCO,2026-03-21 13:45:04.321299,845.8475146234589,181553,0.2359395505451367
HINDALCO,2026-03-20 13:45:04.321299,1162.8154790396811,85477,0.6793150622723143
HINDALCO,2026-03-19 13:45:04.321299,1390.252807265054,748836,1.841364962346046
HINDALCO,2026-03-18 13:45:04.321299,874.9254177336054,629522,1.0528107299451648
HINDALCO,2026-03-17 13:45:04.321299,4762.743632897343,465705,1.2084209812720434
HINDALCO,2026-03-16 13:45:04.321299,2155.7410205214683,4730,-2.6316168284814556
HINDALCO,2026-03-15 13:45:04.321299,4042.349276182265,318754,-3.6631676525328083
HINDALCO,2026-03-14 13:45:04.321299,3717.7554675310053,634784,1.7406731675944185
HINDALCO,2026-03-13 13:45:04.321299,4928.430353427393,458811,2.0600550662746198
HINDALCO,2026-03-12 13:45:04.321299,3425.0630195551603,616083,3.9490101659236103
HINDALCO,2026-03-11 13:45:04.321299,2006.611241151638,186292,1.362422105249368
HINDALCO,2026-03-10 13:45:04.321299,4918.795904897544,32504,1.6470245307824598
HINDALCO,2026-03-09 13:45:04.321299,2733.7386945753933,627425,-4.056420615395101
HINDALCO,2026-03-08 13:45:04.321299,4284.002560225792,299899,-4.485498608155906
HINDALCO,2026-03-07 13:45:04.321299,3280.1279770288334,153551,3.2313852651092105
HINDALCO,2026-03-06 13:45:04.321299,2113.591139640037,451663,-1.8183978789090647
HINDALCO,2026-03-05 13:45:04.321299,1246.463694578416,658589,-4.840515417546324
HINDALCO,2026-03-04 13:45:04.321299,4897.162371010876,312386,3.3160387663358684
HINDALCO,2026-03-03 13:45:04.321299,2193.1427458475473,379780,0.3011184829086595
HINDALCO,2026-03-02 13:45:04.321299,3800.902734543982,430881,3.908658704631515
HINDALCO,2026-03-01 13:45:04.321299,2444.5884218259503,279305,-3.556054407993199
HINDALCO,2026-02-28 13:45:04.321299,2151.2547467827644,421486,3.677233570489177
GRASIM,2026-03-29 13:45:04.321299,823.2853158171855,342042,0.807710474308351
GRASIM,2026-03-28 13:45:04.321299,2350.198596722488,817177,-2.4208447770378836
GRASIM,2026-03-27 13:45:04.321299,3170.0729922196856,414140,1.0906931607917292
GRASIM,2026-03-26 13:45:04.321299,3270.7335054676987,113038,4.197730670699336
GRASIM,2026-03-25 13:45:04.321299,2325.3136038484977,575269,0.17200887747671256
GRASIM,2026-03-24 13:45:04.321299,4174.570323816505,55188,1.971102159858928
GRASIM,2026-03-23 13:45:04.321299,4807.089840991245,512049,-0.20569234853937424
GRASIM,2026-03-22 13:45:04.321299,4614.012758506467,742481,1.6759570020175287
GRASIM,2026-03-21 13:45:04.321299,2900.7393153322223,895556,0.6659850683782684
GRASIM,2026-03-20 13:45:04.321299,2289.943334215587,855486,3.9907675736668615
GRASIM,2026-03-19 13:45:04.321299,4092.308114969696,892769,0.47360969318921775
GRASIM,2026-03-18 13:45:04.321299,4757.286741169844,229413,1.1171158053943877
GRASIM,2026-03-17 13:45:04.321299,2130.0199599582174,140942,4.02102394536063
GRASIM,2026-03-16 13:45:04.321299,3021.136240727331,180860,4.609411974521283
GRASIM,2026-03-15 13:45:04.321299,2653.6879561806886,525978,3.3759404388194483
GRASIM,2026-03-14 13:45:04.321299,4185.860000323641,26211,-2.8926064115085195
GRASIM,2026-03-13 13:45:04.321299,2587.365023481948,640245,-3.882598086404042
GRASIM,2026-03-12 13:45:04.321299,4884.0944341195855,200557,-2.9134310484950063
GRASIM,2026-03-11 13:45:04.321299,1516.380167516114,855398,-0.6405831527841075
GRASIM,2026-03-10 13:45:04.321299,640.3809355504395,956196,-1.2664335006733305
GRASIM,2026-03-09 13:45:04.321299,649.7837642334539,730223,2.6815173316242724
GRASIM,2026-03-08 13:45:04.321299,2763.9610612030115,291409,-4.649865764187961
GRASIM,2026-03-07 13:45:04.321299,4450.268387897873,689588,-2.163598687976683
GRASIM,2026-03-06 13:45:04.321299,836.667944353264,860797,4.301020297162433
GRASIM,2026-03-05 13:45:04.321299,2721.8182117404945,501121,-0.5460864651753479
GRASIM,2026-03-04 13:45:04.321299,2272.234328096878,782856,1.5563421273173148
GRASIM,2026-03-03 13:45:04.321299,3504.106157262056,763361,-4.296033411073694
GRASIM,2026-03-02 13:45:04.321299,3395.9721881983523,70170,-1.3984773776123327
GRASIM,2026-03-01 13:45:04.322313,4308.422747224003,287818,-3.9358063421144895
GRASIM,2026-02-28 13:45:04.322313,4892.938235376929,527502,-1.3380774876959833
ONGC,2026-03-29 13:45:04.322313,820.8282095796126,248947,4.713396883388683
ONGC,2026-03-28 13:45:04.322313,3038.9058033338556,790735,-2.290260725737375
ONGC,2026-03-27 13:45:04.322313,814.7510627085678,321264,-0.5871311675976365
ONGC,2026-03-26 13:45:04.322313,2936.972635054762,756689,0.7544417422123022
ONGC,2026-03-25 13:45:04.322313,2876.4630871495365,907129,-3.3616638396369467
ONGC,2026-03-24 13:45:04.322313,3145.5726209897484,814266,3.434017256297535
ONGC,2026-03-23 13:45:04.322313,2139.3560778165975,607393,3.2369734562264387
ONGC,2026-03-22 13:45:04.322313,574.663489877386,433703,-2.015695764021881
ONGC,2026-03-21 13:45:04.322313,1964.4843118945191,675256,-1.6754312475038882
ONGC,2026-03-20 13:45:04.322313,3372.1224908488725,985226,0.34557965862978257
ONGC,2026-03-19 13:45:04.322313,3393.615830425608,402907,-2.560903329776062
ONGC,2026-03-18 13:45:04.322313,3509.5565457844036,523524,4.032061538100116
ONGC,2026-03-17 13:45:04.322313,542.9551201344805,703883,-2.377674796665276
ONGC,2026-03-16 13:45:04.322313,1483.4636058385659,517362,0.19063381029859805
ONGC,2026-03-15 13:45:04.322313,1863.7500591694163,321065,1.417437574847181
ONGC,2026-03-14 13:45:04.322313,2682.138293096284,924972,3.925381321532903
ONGC,2026-03-13 13:45:04.322313,3830.838033708474,532991,4.409305989085405
ONGC,2026-03-12 13:45:04.322313,4698.386930885074,807445,2.2217030069879176
ONGC,2026-03-11 13:45:04.322313,2136.8493431047555,279337,0.19302670189848037
ONGC,2026-03-10 13:45:04.322313,3508.902632180098,68145,2.6558060691241465
ONGC,2026-03-09 13:45:04.322313,4840.846154890973,381028,0.10716465669416841
ONGC,2026-03-08 13:45:04.322313,2905.1446973393445,259578,-2.621979674572801
ONGC,2026-03-07 13:45:04.322313,2531.133269579309,79411,1.1316074439394441
ONGC,2026-03-06 13:45:04.322313,884.5823887402006,971244,4.128516288247683
ONGC,2026-03-05 13:45:04.322313,3085.6565459266767,675776,-2.4872021236189514
ONGC,2026-03-04 13:45:04.322313,1488.7620775543448,573169,4.92150989903355
ONGC,2026-03-03 13:45:04.322313,4782.44948859634,357871,-3.48549515288176
ONGC,2026-03-02 13:45:04.322313,2878.1369765584204,8103,-2.5649890829272968
ONGC,2026-03-01 13:45:04.322313,3403.9025701076334,467301,-1.659505044177779
ONGC,2026-02-28 13:45:04.322313,1239.7863492640768,453199,-2.2749325439851864
NTPC,2026-03-29 13:45:04.322313,1346.4728817147961,480016,-3.862004691806825
NTPC,2026-03-28 13:45:04.322827,4794.223472792867,40915,-2.013261744349494
NTPC,2026-03-27 13:45:04.322827,3970.691285153704,173194,0.5490536834790891
NTPC,2026-03-26 13:45:04.322827,2336.8599796806975,865977,-3.0580904938388365
NTPC,2026-03-25 13:45:04.322827,4895.9222570736965,369012,-4.633909931691491
NTPC,2026-03-24 13:45:04.322827,1185.7285866732223,742380,-2.109083251508601
NTPC,2026-03-23 13:45:04.322827,3083.8712070350757,34466,-2.396513414940716
NTPC,2026-03-22 13:45:04.322827,779.1476040192624,22170,2.3558320477856682
NTPC,2026-03-21 13:45:04.322827,4795.694692070443,42775,-0.23222733371288218
NTPC,2026-03-20 13:45:04.322827,2289.3063671662803,271878,3.9123559689273986
NTPC,2026-03-19 13:45:04.322827,3078.4755755626807,848609,1.768198125298217
NTPC,2026-03-18 13:45:04.322827,2213.941638507761,541487,2.0288259668317385
NTPC,2026-03-17 13:45:04.322827,3437.0858105974826,183722,-2.315686671619309
NTPC,2026-03-16 13:45:04.322827,4828.441561498749,443175,2.056003133414678
NTPC,2026-03-15 13:45:04.322827,1378.7175801327262,40654,-3.613443892169
NTPC,2026-03-14 13:45:04.322827,4887.172074952956,434416,3.028300675919642
NTPC,2026-03-13 13:45:04.322827,3479.476292480614,541950,-3.9429933518645424
NTPC,2026-03-12 13:45:04.322827,2057.5954262337737,177166,1.218708874521596
NTPC,2026-03-11 13:45:04.322827,4837.884400486763,359620,3.2424692544010227
NTPC,2026-03-10 13:45:04.322827,4610.91112374822,225976,4.031465512738688
NTPC,2026-03-09 13:45:04.322827,4965.078506921048,508921,-1.089839345535475
NTPC,2026-03-08 13:45:04.322827,1656.5077684414482,511032,-3.2224437449694507
NTPC,2026-03-07 13:45:04.322827,3979.995533647315,360800,-0.5570735052988995
NTPC,2026-03-06 13:45:04.322827,3517.4841079973176,7096,0.40455157137339803
NTPC,2026-03-05 13:45:04.322827,833.5415162446118,83807,3.884092313517737
NTPC,2026-03-04 13:45:04.322827,3633.1829081997853,447109,-4.7872021148955435
NTPC,2026-03-03 13:45:04.322827,1385.78381913348,483230,-3.241350081221881
NTPC,2026-03-02 13:45:04.322827,1002.7470903991705,30306,2.997948817052645
NTPC,2026-03-01 13:45:04.322827,4587.5158135828115,618667,2.468328586048698
NTPC,2026-02-28 13:45:04.322827,3975.5878094071004,563739,4.234517587325666
POWERGRID,2026-03-29 13:45:04.322827,3259.224821249489,815461,3.303307389662004
POWERGRID,2026-03-28 13:45:04.322827,2599.294626242227,391809,3.104946040364018
POWERGRID,2026-03-27 13:45:04.322827,3410.7674504764236,121241,0.7356062229615397
POWERGRID,2026-03-26 13:45:04.322827,1082.0871670428692,994156,2.317728660774991
POWERGRID,2026-03-25 13:45:04.322827,3437.759447999522,923566,-2.1875518460755536
POWERGRID,2026-03-24 13:45:04.322827,3075.7895389780656,398222,-1.8090907818165078
POWERGRID,2026-03-23 13:45:04.322827,4018.6714888244987,478683,3.917564141446185
POWERGRID,2026-03-22 13:45:04.322827,2791.396267516444,541584,-1.2723160905154254
POWERGRID,2026-03-21 13:45:04.322827,3294.9818075181065,44964,1.3006610782324959
POWERGRID,2026-03-20 13:45:04.322827,4612.427848606242,785833,4.004382854474111
POWERGRID,2026-03-19 13:45:04.322827,4492.33801738263,960096,-0.3299935064514674
POWERGRID,2026-03-18 13:45:04.322827,3457.986980955408,531196,-0.9774906966550034
POWERGRID,2026-03-17 13:45:04.322827,677.4411907575189,635517,3.7657116286807693
POWERGRID,2026-03-16 13:45:04.322827,3134.198674723647,396715,-3.0408379789016724
POWERGRID,2026-03-15 13:45:04.322827,969.9012550877236,417892,-4.676414639913333
POWERGRID,2026-03-14 13:45:04.322827,2163.472099681385,897692,4.310866910321039
POWERGRID,2026-03-13 13:45:04.322827,1775.965492416202,796436,2.023887130418201
POWERGRID,2026-03-12 13:45:04.322827,4352.353189956402,69652,-0.22827271567073382
POWERGRID,2026-03-11 13:45:04.322827,2338.455548915854,237032,-4.846199519342643
POWERGRID,2026-03-10 13:45:04.322827,3614.9864662706723,154801,2.173831966603741
POWERGRID,2026-03-09 13:45:04.322827,759.7439537416135,419572,4.454765622042315
POWERGRID,2026-03-08 13:45:04.322827,2826.4496313486306,339935,-1.42965414110803
POWERGRID,2026-03-07 13:45:04.322827,3785.3183840402394,441175,4.708130294514607
POWERGRID,2026-03-06 13:45:04.322827,622.4046973940248,155433,-1.5816246841453752
POWERGRID,2026-03-05 13:45:04.322827,3058.8813160435357,747642,4.394909007416899
POWERGRID,2026-03-04 13:45:04.322827,757.3193951706905,748528,-3.290542819417844
POWERGRID,2026-03-03 13:45:04.322827,531.6678707743908,565821,0.32964537502843694
POWERGRID,2026-03-02 13:45:04.322827,755.4889621737082,139532,3.845236750959115
POWERGRID,2026-03-01 13:45:04.322827,550.0411242641619,824443,1.031537802864536
POWERGRID,2026-02-28 13:45:04.322827,4668.363785120508,537611,2.397438688638238
COALINDIA,2026-03-29 13:45:04.322827,4438.350933754276,144512,-4.537403602464202
COALINDIA,2026-03-28 13:45:04.322827,2523.7515790346088,196026,-3.8541821346888505
COALINDIA,2026-03-27 13:45:04.322827,4750.40641968015,942686,0.5138782492099656
COALINDIA,2026-03-26 13:45:04.322827,4897.556476130087,221985,2.855742556470453
COALINDIA,2026-03-25 13:45:04.322827,3809.548125180664,851846,2.2527939733821203
COALINDIA,2026-03-24 13:45:04.322827,4182.694395782886,919547,-1.665588615457466
COALINDIA,2026-03-23 13:45:04.322827,3730.1542258229397,406743,-3.8108519287217635
COALINDIA,2026-03-22 13:45:04.322827,1297.4723467869273,300719,0.5430848199678842
COALINDIA,2026-03-21 13:45:04.322827,2502.4315444101026,327679,-0.8816357188776323
COALINDIA,2026-03-20 13:45:04.322827,1507.8005406883858,388048,-4.372085395207267
COALINDIA,2026-03-19 13:45:04.322827,3804.193609722151,51168,4.270082610828441
COALINDIA,2026-03-18 13:45:04.322827,3817.7298814060764,325295,1.4582502311776562
COALINDIA,2026-03-17 13:45:04.322827,3517.112563991298,99836,-0.6538501828912571
COALINDIA,2026-03-16 13:45:04.322827,1846.664840409488,981501,-4.047272210685211
COALINDIA,2026-03-15 13:45:04.322827,4899.971050132227,44575,2.2480312643809883
COALINDIA,2026-03-14 13:45:04.322827,1978.387621145771,369706,-0.26794632692966225
COALINDIA,2026-03-13 13:45:04.322827,2444.0862358391637,574553,-0.050899897143938944
COALINDIA,2026-03-12 13:45:04.322827,751.4290644307034,328014,-1.8084967475530922
COALINDIA,2026-03-11 13:45:04.322827,1530.3843590359768,893038,-3.347815563562
COALINDIA,2026-03-10 13:45:04.322827,4625.495519481981,120898,4.9996815271123225
COALINDIA,2026-03-09 13:45:04.322827,1991.1454894348049,975606,-0.37896250857846603
COALINDIA,2026-03-08 13:45:04.322827,4032.3622098033625,541088,-0.6382646083504824
COALINDIA,2026-03-07 13:45:04.322827,4439.672783921718,489492,-1.1979499485953538
COALINDIA,2026-03-06 13:45:04.322827,1712.8565845574003,794035,-4.579725522505741
COALINDIA,2026-03-05 13:45:04.322827,3272.8663245762127,977187,-2.727596257482725
COALINDIA,2026-03-04 13:45:04.322827,2220.62290659103,373523,-0.5853474970354524
COALINDIA,2026-03-03 13:45:04.322827,1281.5602388148707,138551,3.2109794755563765
COALINDIA,2026-03-02 13:45:04.322827,3874.5570854823113,119208,-4.435734386085933
COALINDIA,2026-03-01 13:45:04.322827,880.7383399016426,955115,2.1999262990490163
COALINDIA,2026-02-28 13:45:04.322827,3832.066544403108,57013,-3.9557546958554046
ITC,2026-03-29 13:45:04.322827,1384.7632769867714,372448,1.1900130886427736
ITC,2026-03-28 13:45:04.322827,1789.9515499382142,605953,1.4764859453763943
ITC,2026-03-27 13:45:04.322827,3820.934752696114,399052,3.3865118309834568
ITC,2026-03-26 13:45:04.322827,1543.9493827434662,717186,4.1284400437650834
ITC,2026-03-25 13:45:04.322827,4441.209702664322,304049,3.1860336598936883
ITC,2026-03-24 13:45:04.322827,532.9288196564995,66282,0.2045827458202787
ITC,2026-03-23 13:45:04.322827,1918.5746808032534,891647,-0.5814141490957603
ITC,2026-03-22 13:45:04.322827,3985.495910512927,359612,-4.69604403353493
ITC,2026-03-21 13:45:04.322827,1810.39558849343,877583,-0.04476058172744235
ITC,2026-03-20 13:45:04.322827,2285.6066503405946,36427,-0.2363074231561022
ITC,2026-03-19 13:45:04.322827,598.0668406338058,274221,1.5312426739277445
ITC,2026-03-18 13:45:04.322827,4920.147563504271,564741,3.382209131355374
ITC,2026-03-17 13:45:04.322827,1344.2623387029062,369461,-3.3889527540380238
ITC,2026-03-16 13:45:04.322827,1484.5125916148272,260251,-2.5537221152196055
ITC,2026-03-15 13:45:04.322827,3465.6929551527123,203633,-0.03560926185122426
ITC,2026-03-14 13:45:04.322827,1330.0474219173243,715125,3.830458349769861
ITC,2026-03-13 13:45:04.322827,976.3588894655778,326645,1.7950494266438763
ITC,2026-03-12 13:45:04.322827,1961.8023279414058,442422,-0.34368915118324406
ITC,2026-03-11 13:45:04.322827,2254.767331432813,73168,-3.1038403401747763
ITC,2026-03-10 13:45:04.322827,2677.114162123126,594339,-0.8172803701194056
ITC,2026-03-09 13:45:04.322827,659.5907529441558,181718,-3.307371367794808
ITC,2026-03-08 13:45:04.322827,2610.267022690999,761317,3.724396617844615
ITC,2026-03-07 13:45:04.322827,3549.498976693573,712210,3.903576597636471
ITC,2026-03-06 13:45:04.322827,3677.238300816793,967953,4.086127691914335
ITC,2026-03-05 13:45:04.322827,3973.1132307700464,754087,-3.8812816023139183
ITC,2026-03-04 13:45:04.322827,2173.6824086644365,968587,-0.6073802534212946
ITC,2026-03-03 13:45:04.322827,4772.719582070345,987850,-1.3815923618229053
ITC,2026-03-02 13:45:04.322827,3529.721644412345,363687,1.0594038880810572
ITC,2026-03-01 13:45:04.322827,3477.928133656587,408238,3.654218311511734
ITC,2026-02-28 13:45:04.322827,4971.433243279405,287606,4.869126892879242
HINDUNILVR,2026-03-29 13:45:04.322827,2311.6543314777145,596723,-4.279072449389982
HINDUNILVR,2026-03-28 13:45:04.322827,4324.303679540133,325388,3.126573940193712
HINDUNILVR,2026-03-27 13:45:04.322827,1782.8468742768296,503308,-0.9809051249008363
HINDUNILVR,2026-03-26 13:45:04.322827,955.4304516464592,415001,-1.4025338657793727
HINDUNILVR,2026-03-25 13:45:04.322827,4638.318977011938,965143,0.6783201148395781
HINDUNILVR,2026-03-24 13:45:04.322827,4881.108488598211,532301,-1.3856526263029654
HINDUNILVR,2026-03-23 13:45:04.322827,4143.633296612439,216197,2.6783405668123796
HINDUNILVR,2026-03-22 13:45:04.322827,4393.403217519743,830575,-3.8782923676706984
HINDUNILVR,2026-03-21 13:45:04.322827,2534.697784280167,424327,-2.8401618683412124
HINDUNILVR,2026-03-20 13:45:04.322827,4516.576078604875,183031,2.8091108291887723
HINDUNILVR,2026-03-19 13:45:04.322827,1294.3210578434537,186375,-1.068531435973755
HINDUNILVR,2026-03-18 13:45:04.322827,1379.8871776874503,513939,-3.4568995786948498
HINDUNILVR,2026-03-17 13:45:04.322827,4147.94584868202,639192,-4.319563428930076
HINDUNILVR,2026-03-16 13:45:04.322827,1385.8676002907782,530276,-0.3473620226433738
HINDUNILVR,2026-03-15 13:45:04.322827,2049.8805913633023,399297,-3.809252840833375
HINDUNILVR,2026-03-14 13:45:04.322827,4114.30333850679,607966,-4.178286334301329
HINDUNILVR,2026-03-13 13:45:04.322827,4566.389022093543,290998,2.244852926594458
HINDUNILVR,2026-03-12 13:45:04.322827,2272.7854129512943,612202,3.0242825577309347
HINDUNILVR,2026-03-11 13:45:04.322827,3450.808032995445,274274,3.935660171574572
HINDUNILVR,2026-03-10 13:45:04.322827,4387.868958307687,762493,2.6508845529742047
HINDUNILVR,2026-03-09 13:45:04.322827,1504.1434558723454,591432,2.597464866592577
HINDUNILVR,2026-03-08 13:45:04.322827,1803.4301910385288,511208,-1.2555979303038436
HINDUNILVR,2026-03-07 13:45:04.322827,3951.975213091527,622827,-2.663221395898996
HINDUNILVR,2026-03-06 13:45:04.322827,3610.1053225507794,44462,-1.5733765312641355
HINDUNILVR,2026-03-05 13:45:04.324840,2145.1214957477673,23690,0.6653947953723538
HINDUNILVR,2026-03-04 13:45:04.324840,1646.6861756791832,556684,-2.880508530957273
HINDUNILVR,2026-03-03 13:45:04.324840,2510.049919073028,300433,0.06098728410551857
HINDUNILVR,2026-03-02 13:45:04.324840,859.5345729523276,852811,-2.8471461867105505
HINDUNILVR,2026-03-01 13:45:04.324840,3878.5039962176525,912524,2.6085427367793734
HINDUNILVR,2026-02-28 13:45:04.324840,3841.3867048140974,754678,-2.240684311071454
BRITANNIA,2026-03-29 13:45:04.324840,3002.096016008833,111597,-0.9934748574414085
BRITANNIA,2026-03-28 13:45:04.324840,4445.272609303809,964179,-3.1414440915824002
BRITANNIA,2026-03-27 13:45:04.324840,4582.674332454286,859324,1.6224026959277218
BRITANNIA,2026-03-26 13:45:04.324840,1502.5255051953982,261970,3.109802663747539
BRITANNIA,2026-03-25 13:45:04.324840,3166.8769355592694,542022,1.6305465950283953
BRITANNIA,2026-03-24 13:45:04.324840,3226.6707215779575,665904,0.6149056386893275
BRITANNIA,2026-03-23 13:45:04.324840,3679.2754912142846,316850,3.0979606620635884
BRITANNIA,2026-03-22 13:45:04.324840,905.5429658396392,156682,-1.4635504434610667
BRITANNIA,2026-03-21 13:45:04.324840,3573.0403838607194,9130,-2.4100367976005224
BRITANNIA,2026-03-20 13:45:04.324840,4210.801043454902,457014,4.140311664145987
BRITANNIA,2026-03-19 13:45:04.324840,4256.5050161581885,414441,3.5119433088124676
BRITANNIA,2026-03-18 13:45:04.324840,2470.282488984286,984008,-1.1103510202678346
BRITANNIA,2026-03-17 13:45:04.324840,4266.261982275501,432183,2.7691322116073653
BRITANNIA,2026-03-16 13:45:04.324840,747.0896197442612,427306,-3.7223632533244997
BRITANNIA,2026-03-15 13:45:04.324840,3779.5368240912867,830936,-3.414371458641284
BRITANNIA,2026-03-14 13:45:04.324840,1720.7896212262906,916308,4.5376217200287705
BRITANNIA,2026-03-13 13:45:04.324840,2435.738322289094,518842,-2.928189304429283
BRITANNIA,2026-03-12 13:45:04.324840,4637.015613474713,108471,4.8624982219558515
BRITANNIA,2026-03-11 13:45:04.324840,3676.0007356498522,959548,-0.06904932649618356
BRITANNIA,2026-03-10 13:45:04.324840,1031.3522718707104,501322,1.2144157547712346
BRITANNIA,2026-03-09 13:45:04.324840,3985.7642200675023,722371,-3.4134880138543213
BRITANNIA,2026-03-08 13:45:04.324840,4385.767095430863,828032,-3.3297499199250447
BRITANNIA,2026-03-07 13:45:04.324840,3944.7515830136335,7854,-1.6506037041714041
BRITANNIA,2026-03-06 13:45:04.324840,3895.2879562525277,429208,-1.8038968009256218
BRITANNIA,2026-03-05 13:45:04.324840,990.6281981313255,660645,1.8722237986225991
BRITANNIA,2026-03-04 13:45:04.324840,1671.9505423556927,842363,4.5863543870941275
BRITANNIA,2026-03-03 13:45:04.324840,2048.0370185243573,932570,-3.2668483029305397
BRITANNIA,2026-03-02 13:45:04.324840,1053.8457298398712,300608,3.385020297205976
BRITANNIA,2026-03-01 13:45:04.324840,3249.759305435797,875655,-3.963802581693412
BRITANNIA,2026-02-28 13:45:04.324840,1935.0391169396828,670404,-1.5642204922169824
CIPLA,2026-03-29 13:45:04.324840,4885.699627662514,317042,3.8964665829189364
CIPLA,2026-03-28 13:45:04.324840,1877.5341557381394,378573,1.7123446198669559
CIPLA,2026-03-27 13:45:04.324840,4052.4992815648266,481165,0.2602580199262725
CIPLA,2026-03-26 13:45:04.324840,1454.8532069418457,612548,4.384679564144857
CIPLA,2026-03-25 13:45:04.324840,2935.6720167968106,753758,-3.815101164110013
CIPLA,2026-03-24 13:45:04.324840,1251.5348946477284,821969,3.9112869561319705
CIPLA,2026-03-23 13:45:04.324840,728.4161138195257,761330,4.579767165494854
CIPLA,2026-03-22 13:45:04.324840,3498.639591653702,474335,-3.938188031033939
CIPLA,2026-03-21 13:45:04.324840,4248.22302783691,483997,0.19705820465587465
CIPLA,2026-03-20 13:45:04.324840,3725.97600068809,803011,-0.23076067390705823
CIPLA,2026-03-19 13:45:04.324840,2351.6898818521377,444112,-3.1294366364778914
CIPLA,2026-03-18 13:45:04.324840,2515.026580395303,559446,-0.5366271185206077
CIPLA,2026-03-17 13:45:04.324840,1280.6159464763823,419737,-3.6567273905752753
CIPLA,2026-03-16 13:45:04.324840,1766.389466768594,835234,-3.7145908881962764
CIPLA,2026-03-15 13:45:04.324840,2127.3017031257814,935300,-4.819045804603624
CIPLA,2026-03-14 13:45:04.324840,4920.889599770633,638615,4.380838595106679
CIPLA,2026-03-13 13:45:04.324840,1477.4153037678857,260998,-0.2592238167284764
CIPLA,2026-03-12 13:45:04.324840,2110.6522907027406,188895,-3.4892545554205414
CIPLA,2026-03-11 13:45:04.324840,1737.0469469602256,520452,1.883980481456737
CIPLA,2026-03-10 13:45:04.324840,890.016940756125,508860,-0.6631358186865031
CIPLA,2026-03-09 13:45:04.324840,1417.4019938567426,58707,3.3382640683182867
CIPLA,2026-03-08 13:45:04.324840,3881.0258774250196,880226,2.6675071796754732
CIPLA,2026-03-07 13:45:04.324840,4481.494702539359,744056,1.4112400362846431
CIPLA,2026-03-06 13:45:04.324840,1199.513763430554,460745,0.9668759811424774
CIPLA,2026-03-05 13:45:04.324840,4421.37856136486,729344,2.5372045788821165
CIPLA,2026-03-04 13:45:04.324840,2957.293964350319,890967,-2.6368683538603435
CIPLA,2026-03-03 13:45:04.324840,4255.080291898023,661059,-2.5266479380465823
CIPLA,2026-03-02 13:45:04.324840,1347.810986490271,331204,2.560866166582148
CIPLA,2026-03-01 13:45:04.324840,4034.470423590126,627112,4.7675950381094285
CIPLA,2026-02-28 13:45:04.324840,4956.193482235689,938846,-2.2249744518564265
DRREDDY,2026-03-29 13:45:04.324840,4316.4191671851695,693685,-0.8702034002529917
DRREDDY,2026-03-28 13:45:04.324840,651.7593202590485,38224,-1.440579938873289
DRREDDY,2026-03-27 13:45:04.324840,3083.7901221120096,669192,2.2884939808682683
DRREDDY,2026-03-26 13:45:04.324840,1515.95807316551,469759,3.3441908624969123
DRREDDY,2026-03-25 13:45:04.324840,717.7470131247335,19426,1.0636393101632517
DRREDDY,2026-03-24 13:45:04.324840,4106.442307219055,680140,-1.3670835550412983
DRREDDY,2026-03-23 13:45:04.325844,3865.6354666254883,756747,-3.6633620664834323
DRREDDY,2026-03-22 13:45:04.325844,1190.4004369131621,551833,-4.365924692103712
DRREDDY,2026-03-21 13:45:04.325844,1486.941347410365,666445,3.621192376472326
DRREDDY,2026-03-20 13:45:04.325844,1340.2139044522773,221679,1.5247533949340148
DRREDDY,2026-03-19 13:45:04.325844,3260.6270465607754,511135,3.0746225788861636
DRREDDY,2026-03-18 13:45:04.325844,1832.8492286530825,513930,-2.9395889093151473
DRREDDY,2026-03-17 13:45:04.325844,872.7609041376577,180993,0.0010490421517328485
DRREDDY,2026-03-16 13:45:04.325844,4402.600056745683,742652,3.396581843471541
DRREDDY,2026-03-15 13:45:04.325844,2632.0271996984998,72533,-0.015964095178111037
DRREDDY,2026-03-14 13:45:04.325844,4289.360350046432,57075,-1.9687869086039167
DRREDDY,2026-03-13 13:45:04.325844,2667.8442438998745,178279,-2.8445527024874853
DRREDDY,2026-03-12 13:45:04.325844,4460.9676834021775,910349,2.409320607300721
DRREDDY,2026-03-11 13:45:04.325844,591.2942123992275,813418,1.0710191581328417
DRREDDY,2026-03-10 13:45:04.325844,2474.8265632910625,954945,-0.6140768731993598
DRREDDY,2026-03-09 13:45:04.325844,1075.9639802359256,607119,-4.848820999745682
DRREDDY,2026-03-08 13:45:04.325844,2963.1884228891704,583101,-4.96686744011104
DRREDDY,2026-03-07 13:45:04.325844,4812.160315856364,425076,0.9552637074170143
DRREDDY,2026-03-06 13:45:04.325844,4756.958370123424,473248,3.92620012025062
DRREDDY,2026-03-05 13:45:04.325844,4114.636966571007,445879,-4.109574559120964
DRREDDY,2026-03-04 13:45:04.325844,3890.0810362820366,960150,-3.0801866339844706
DRREDDY,2026-03-03 13:45:04.325844,1383.8566256537736,216317,-4.966636428751462
DRREDDY,2026-03-02 13:45:04.325844,3780.838311887444,336004,-3.3988213688438194
DRREDDY,2026-03-01 13:45:04.325844,3765.7701729905207,730997,3.3759972914731566
DRREDDY,2026-02-28 13:45:04.325844,3944.8590294295195,475679,4.090510286997398
DIVISLAB,2026-03-29 13:45:04.325844,4366.2835954989505,46366,2.3839064692761074
DIVISLAB,2026-03-28 13:45:04.325844,1285.5687001389388,794816,-3.179074128870142
DIVISLAB,2026-03-27 13:45:04.325844,1241.5855619212148,99167,-2.7801743211089036
DIVISLAB,2026-03-26 13:45:04.325844,3810.4212061029957,987350,1.745250388336256
DIVISLAB,2026-03-25 13:45:04.325844,3546.368445508906,245161,-1.640920210387944
DIVISLAB,2026-03-24 13:45:04.325844,3056.7263954392647,98566,2.8354742692951582
DIVISLAB,2026-03-23 13:45:04.325844,710.34290215182,118252,3.8280982310998652
DIVISLAB,2026-03-22 13:45:04.325844,4838.20603168378,167103,-0.47416566925523984
DIVISLAB,2026-03-21 13:45:04.325844,4016.6697078577545,404539,-4.339726577531323
DIVISLAB,2026-03-20 13:45:04.325844,2748.419219651307,656265,-1.3352913754473459
DIVISLAB,2026-03-19 13:45:04.325844,3786.443808523359,714599,1.7853846320689968
DIVISLAB,2026-03-18 13:45:04.325844,563.7085572205053,485294,-0.271186972205931
DIVISLAB,2026-03-17 13:45:04.325844,2606.4831185293788,815165,4.694464086383771
DIVISLAB,2026-03-16 13:45:04.325844,3734.807764501967,918991,3.932210564307198
DIVISLAB,2026-03-15 13:45:04.325844,1414.683670826325,518149,-3.838815838134307
DIVISLAB,2026-03-14 13:45:04.325844,2890.055339496103,328818,-2.853964244334024
DIVISLAB,2026-03-13 13:45:04.325844,2150.570385608278,246071,-0.5883960619428397
DIVISLAB,2026-03-12 13:45:04.325844,4795.277919293273,42182,0.9950682793097299
DIVISLAB,2026-03-11 13:45:04.325844,1245.0592696948816,765522,-2.5155889381988783
DIVISLAB,2026-03-10 13:45:04.325844,628.0499818832279,703795,3.4174132501394823
DIVISLAB,2026-03-09 13:45:04.325844,1275.7902924948844,101963,2.9159447298267214
DIVISLAB,2026-03-08 13:45:04.325844,4970.708119798481,435042,-3.5108149537354096
DIVISLAB,2026-03-07 13:45:04.325844,1836.9385662989173,996696,-4.38875111093059
DIVISLAB,2026-03-06 13:45:04.325844,2367.0990463572416,496843,-3.8351582102962656
DIVISLAB,2026-03-05 13:45:04.325844,4272.391006323494,695504,-0.7682181379242659
DIVISLAB,2026-03-04 13:45:04.325844,2862.244776184841,845215,2.1735424490619515
DIVISLAB,2026-03-03 13:45:04.325844,1799.205881399527,518533,4.991641093177556
DIVISLAB,2026-03-02 13:45:04.325844,3567.569163792632,28729,-1.3401645519028058
DIVISLAB,2026-03-01 13:45:04.325844,2045.3849005627887,530580,3.5537105535281803
DIVISLAB,2026-02-28 13:45:04.325844,884.4566989358871,912891,-0.830023963187231
APOLLOHOSP,2026-03-29 13:45:04.325844,2853.8724878227104,512878,-0.19423241734256447
APOLLOHOSP,2026-03-28 13:45:04.325844,4417.730219684707,694987,0.6245917867130633
APOLLOHOSP,2026-03-27 13:45:04.325844,1248.2787358546402,446882,-3.878270247361959
APOLLOHOSP,2026-03-26 13:45:04.325844,4617.571241104517,990406,-2.5117773902170093
APOLLOHOSP,2026-03-25 13:45:04.325844,1146.0113480463665,129152,-1.887482358195376
APOLLOHOSP,2026-03-24 13:45:04.325844,3911.1571061969253,246642,-0.4002984004824395
APOLLOHOSP,2026-03-23 13:45:04.325844,4340.548747110486,491109,0.3065059499728564
APOLLOHOSP,2026-03-22 13:45:04.325844,4466.727945259136,320545,1.0830537183998832
APOLLOHOSP,2026-03-21 13:45:04.325844,4894.824774438267,88474,-0.6039067136059604
APOLLOHOSP,2026-03-20 13:45:04.325844,3941.4334596513877,969336,4.364920395155959
APOLLOHOSP,2026-03-19 13:45:04.325844,4574.717425734563,102262,-4.163715853060149
APOLLOHOSP,2026-03-18 13:45:04.325844,4018.2124262742313,473458,0.4908407256363869
APOLLOHOSP,2026-03-17 13:45:04.325844,4069.797208332001,590255,-4.438615497716848
APOLLOHOSP,2026-03-16 13:45:04.325844,3298.2246712119836,63132,2.676875429475068
APOLLOHOSP,2026-03-15 13:45:04.325844,2655.0162992998335,953629,0.7113286646970689
APOLLOHOSP,2026-03-14 13:45:04.325844,2564.350916115114,388666,0.6327157211739216
APOLLOHOSP,2026-03-13 13:45:04.325844,4925.7561028557,882989,3.312543676270467
APOLLOHOSP,2026-03-12 13:45:04.325844,3993.121460154879,737139,1.832199364809659
APOLLOHOSP,2026-03-11 13:45:04.325844,1793.3688047014748,929174,2.993419948793335
APOLLOHOSP,2026-03-10 13:45:04.325844,4835.9614625389595,56603,4.138264107497982
APOLLOHOSP,2026-03-09 13:45:04.325844,4968.742275899887,565766,-2.8958884728427012
APOLLOHOSP,2026-03-08 13:45:04.325844,1061.5739548232254,112594,-1.3038508785107505
APOLLOHOSP,2026-03-07 13:45:04.325844,4821.411018286259,416430,4.9694634634319925
APOLLOHOSP,2026-03-06 13:45:04.325844,3960.98259987201,648477,-1.5125241464869688
APOLLOHOSP,2026-03-05 13:45:04.325844,2661.66459016852,697647,3.4255130611511877
APOLLOHOSP,2026-03-04 13:45:04.325844,2070.3567284790474,57664,-3.8119351230648544
APOLLOHOSP,2026-03-03 13:45:04.325844,3871.1936363367213,329100,2.470357862242154
APOLLOHOSP,2026-03-02 13:45:04.325844,1461.7625255379535,661275,-0.5255793725387035
APOLLOHOSP,2026-03-01 13:45:04.325844,1312.7478296338275,740538,4.022871513422652
APOLLOHOSP,2026-02-28 13:45:04.325844,4266.645961416458,309564,-2.00376130472504
EICHERMOT,2026-03-29 13:45:04.325844,2502.502334262824,436890,4.150918177911054
EICHERMOT,2026-03-28 13:45:04.325844,1466.7250326425965,661774,3.218342809514187
EICHERMOT,2026-03-27 13:45:04.325844,3727.3144939249846,734441,1.001735608269354
EICHERMOT,2026-03-26 13:45:04.325844,3305.23190684636,34382,1.9082021857006257
EICHERMOT,2026-03-25 13:45:04.325844,4703.224860346385,717720,3.5072324692480574
EICHERMOT,2026-03-24 13:45:04.325844,3352.8385363243597,457154,-1.0032665512642094
EICHERMOT,2026-03-23 13:45:04.325844,2092.921620692822,350579,-3.373723395666346
EICHERMOT,2026-03-22 13:45:04.325844,3336.2522540758523,303761,-4.980330447395145
EICHERMOT,2026-03-21 13:45:04.325844,2552.6405556958966,359445,-4.364998345138508
EICHERMOT,2026-03-20 13:45:04.325844,1577.1774042520394,329283,3.7103646716822833
EICHERMOT,2026-03-19 13:45:04.325844,510.61944226436896,594845,2.888620966745842
EICHERMOT,2026-03-18 13:45:04.325844,4185.036620212316,342702,4.377990322948346
EICHERMOT,2026-03-17 13:45:04.325844,3519.0657846856566,25833,4.966057326113011
EICHERMOT,2026-03-16 13:45:04.325844,2567.3898789210125,742171,-4.864897397474044
EICHERMOT,2026-03-15 13:45:04.325844,4878.775741298404,767185,-0.14808348754162903
EICHERMOT,2026-03-14 13:45:04.325844,3404.462730936363,858362,-3.8390023248743477
EICHERMOT,2026-03-13 13:45:04.325844,2522.4997272545725,243784,3.43590852004737
EICHERMOT,2026-03-12 13:45:04.325844,1315.3221264318847,637171,2.9275593996743527
EICHERMOT,2026-03-11 13:45:04.325844,2989.5717015228324,212317,-0.059087141151471734
EICHERMOT,2026-03-10 13:45:04.325844,1118.4884788204383,150347,-4.661593276421799
EICHERMOT,2026-03-09 13:45:04.325844,1581.3684608333929,243583,-1.0416583826732073
EICHERMOT,2026-03-08 13:45:04.325844,1870.2083336780422,997591,-3.14942286840599
EICHERMOT,2026-03-07 13:45:04.325844,2640.8502000231083,44635,2.8029813484843293
EICHERMOT,2026-03-06 13:45:04.325844,1339.7452822663245,480215,2.4341505820566685
EICHERMOT,2026-03-05 13:45:04.325844,3192.4408086016842,945321,-3.85550584171773
EICHERMOT,2026-03-04 13:45:04.325844,3619.095898605567,860600,-1.015594118432249
EICHERMOT,2026-03-03 13:45:04.325844,2631.6832832053283,112415,-0.2369275263201427
EICHERMOT,2026-03-02 13:45:04.325844,4922.634898538746,559878,2.224896868266023
EICHERMOT,2026-03-01 13:45:04.325844,3244.785029959361,103514,-4.833917296088779
EICHERMOT,2026-02-28 13:45:04.325844,2997.4273507692415,954741,1.0578437933870335
M&M,2026-03-29 13:45:04.325844,4181.405284685439,927609,0.8512309849242001
M&M,2026-03-28 13:45:04.325844,4998.398692073994,206298,-4.772564809148992
M&M,2026-03-27 13:45:04.325844,4531.284537436537,972337,-1.6504751048319175
M&M,2026-03-26 13:45:04.325844,1832.839073450007,17163,2.804494551111496
M&M,2026-03-25 13:45:04.325844,1346.0147569873668,173178,0.5971429952395271
M&M,2026-03-24 13:45:04.325844,506.9419359564821,958778,-2.050335156997961
M&M,2026-03-23 13:45:04.325844,2542.4272220069174,833491,4.44789854295122
M&M,2026-03-22 13:45:04.325844,3652.785529157792,890372,-2.0410003154202636
M&M,2026-03-21 13:45:04.325844,1452.9256108961304,829582,-3.2542402765947265
M&M,2026-03-20 13:45:04.325844,2264.574274747465,886634,-3.3238058385981226
M&M,2026-03-19 13:45:04.325844,1929.9006957058525,780672,4.5046441292142205
M&M,2026-03-18 13:45:04.325844,3418.080522695127,938264,3.1763432095122326
M&M,2026-03-17 13:45:04.325844,4800.729818305934,461763,-3.880760602721589
M&M,2026-03-16 13:45:04.325844,560.4126409281712,464395,2.97762588911863
M&M,2026-03-15 13:45:04.325844,4624.066009189076,525405,-3.32874959256215
M&M,2026-03-14 13:45:04.325844,1710.0007774096105,989237,-4.684844443959431
M&M,2026-03-13 13:45:04.325844,2108.5583579345493,113422,-2.99557942585262
M&M,2026-03-12 13:45:04.325844,2640.7317519525363,715881,1.8380896400779934
M&M,2026-03-11 13:45:04.325844,4084.4051002177766,280982,-2.925709715725308
M&M,2026-03-10 13:45:04.325844,1185.834547079076,115438,1.3688010759957425
M&M,2026-03-09 13:45:04.325844,2024.8379173646608,540261,-3.8955144154456187
M&M,2026-03-08 13:45:04.325844,4560.341271466754,245225,-3.8914276468214846
M&M,2026-03-07 13:45:04.325844,1009.8339547004352,600714,4.9306162896115655
M&M,2026-03-06 13:45:04.325844,4635.97687809488,627711,-2.2115161669712102
M&M,2026-03-05 13:45:04.325844,2257.9954740936273,968458,-1.4861114400795952
M&M,2026-03-04 13:45:04.325844,2840.1890851019334,503693,-0.06588214741024778
M&M,2026-03-03 13:45:04.325844,3786.236935316251,867829,-3.3740655084307045
M&M,2026-03-02 13:45:04.327858,4998.341639366986,373175,-0.6181687543977752
M&M,2026-03-01 13:45:04.327858,3021.8472748089544,643544,1.0760680957149917
M&M,2026-02-28 13:45:04.327858,3165.8832200039906,812659,-0.7375207485989215
HEROMOTOCO,2026-03-29 13:45:04.327858,581.9245141759212,79560,-1.0138062135986061
HEROMOTOCO,2026-03-28 13:45:04.327858,4896.120017607938,52878,-0.8769154073083127
HEROMOTOCO,2026-03-27 13:45:04.327858,2468.9861924047295,827768,-1.9096087387453995
HEROMOTOCO,2026-03-26 13:45:04.327858,1329.3234535829579,238053,3.111267706849409
HEROMOTOCO,2026-03-25 13:45:04.327858,1048.640177980552,345651,3.603935689920462
HEROMOTOCO,2026-03-24 13:45:04.327858,1370.8253196494354,777141,-0.8293260062415664
HEROMOTOCO,2026-03-23 13:45:04.327858,4658.466214517628,265108,-4.458089893142708
HEROMOTOCO,2026-03-22 13:45:04.327858,3630.883186129412,243076,-4.743672683184599
HEROMOTOCO,2026-03-21 13:45:04.327858,4714.913394350271,941441,3.7592796351202633
HEROMOTOCO,2026-03-20 13:45:04.327858,2209.22442753798,385897,4.3951274590995855
HEROMOTOCO,2026-03-19 13:45:04.327858,2307.7682643164253,239375,4.146071910040487
HEROMOTOCO,2026-03-18 13:45:04.327858,2699.5682794382196,433431,-2.959164507304094
HEROMOTOCO,2026-03-17 13:45:04.327858,3806.974434535206,108252,-3.11585175724899
HEROMOTOCO,2026-03-16 13:45:04.327858,4812.692296359633,272390,2.7748863478343013
HEROMOTOCO,2026-03-15 13:45:04.327858,4026.572840625957,724699,1.1839297994766405
HEROMOTOCO,2026-03-14 13:45:04.327858,819.2540613690962,186064,1.8537890723803336
HEROMOTOCO,2026-03-13 13:45:04.327858,2117.5472078523117,80697,1.20063635294221
HEROMOTOCO,2026-03-12 13:45:04.327858,3250.638189359854,680540,-0.5437547729434611
HEROMOTOCO,2026-03-11 13:45:04.327858,1331.0446078120885,938322,-4.150403174772071
HEROMOTOCO,2026-03-10 13:45:04.327858,752.3551580867527,305860,4.469406848678091
HEROMOTOCO,2026-03-09 13:45:04.327858,3255.7645347912285,664000,-4.0464840557143855
HEROMOTOCO,2026-03-08 13:45:04.327858,4920.182304847375,181346,-4.44370996723614
HEROMOTOCO,2026-03-07 13:45:04.327858,4112.449250821139,318921,-1.8773256440551425
HEROMOTOCO,2026-03-06 13:45:04.327858,1897.8726539222334,57884,4.299100348946288
HEROMOTOCO,2026-03-05 13:45:04.327858,2830.1704474314884,675990,1.5976656311596402
HEROMOTOCO,2026-03-04 13:45:04.327858,1099.411829122541,883196,2.9304211777680775
HEROMOTOCO,2026-03-03 13:45:04.327858,4837.139588438349,836045,-2.7278958678475584
HEROMOTOCO,2026-03-02 13:45:04.327858,3193.864057740403,413989,2.9500723931311867
HEROMOTOCO,2026-03-01 13:45:04.327858,3952.9756719063453,379656,-3.1398242532481535
HEROMOTOCO,2026-02-28 13:45:04.327858,3534.7678574894226,873871,-3.1480152438557685
BAJAJ-AUTO,2026-03-29 13:45:04.327858,1645.3581741021267,310517,-3.790653059341235
BAJAJ-AUTO,2026-03-28 13:45:04.327858,733.7712539220558,777835,-2.8958685115867198
BAJAJ-AUTO,2026-03-27 13:45:04.327858,4569.761381473558,929231,1.7943209010403134
BAJAJ-AUTO,2026-03-26 13:45:04.327858,4554.408148845958,927690,-1.6277932057086684
BAJAJ-AUTO,2026-03-25 13:45:04.327858,4172.099085195043,401263,3.4161240581507837
BAJAJ-AUTO,2026-03-24 13:45:04.327858,3235.89327936927,475144,-0.21653186268786406
BAJAJ-AUTO,2026-03-23 13:45:04.327858,4101.1696156541875,391198,2.7567019366428314
BAJAJ-AUTO,2026-03-22 13:45:04.327858,2209.2255376253524,682440,-0.8833458011579234
BAJAJ-AUTO,2026-03-21 13:45:04.327858,4037.453320813221,644877,-4.12829549624977
BAJAJ-AUTO,2026-03-20 13:45:04.327858,3246.045100536994,798576,0.32451430711116735
BAJAJ-AUTO,2026-03-19 13:45:04.327858,1590.9984617117777,513808,-4.978576246145181
BAJAJ-AUTO,2026-03-18 13:45:04.327858,4284.4575964446,915200,2.1857211125517413
BAJAJ-AUTO,2026-03-17 13:45:04.327858,4449.488732748039,559384,-1.5951533202348278
BAJAJ-AUTO,2026-03-16 13:45:04.327858,1208.7643288734653,982009,4.98070730277365
BAJAJ-AUTO,2026-03-15 13:45:04.327858,3896.013047253123,821344,3.4738909367532145
BAJAJ-AUTO,2026-03-14 13:45:04.327858,2772.664787139662,176137,-4.0766162346738675
BAJAJ-AUTO,2026-03-13 13:45:04.327858,616.0258498367352,965109,-1.1332749275525664
BAJAJ-AUTO,2026-03-12 13:45:04.327858,977.3015016927785,366783,-3.255768645098178
BAJAJ-AUTO,2026-03-11 13:45:04.327858,3872.0977645566777,448810,2.3280635760153476
BAJAJ-AUTO,2026-03-10 13:45:04.327858,3597.861785181374,177957,0.5621832402740248
BAJAJ-AUTO,2026-03-09 13:45:04.327858,660.3442835513863,832191,-4.374769439369438
BAJAJ-AUTO,2026-03-08 13:45:04.327858,1297.276921244193,134991,1.5492262378410757
BAJAJ-AUTO,2026-03-07 13:45:04.327858,1642.4133056184746,822738,-3.8247879780407024
BAJAJ-AUTO,2026-03-06 13:45:04.327858,2382.8284558180567,630914,0.03700844428279648
BAJAJ-AUTO,2026-03-05 13:45:04.327858,1021.959553675928,627031,-4.899671785118031
BAJAJ-AUTO,2026-03-04 13:45:04.327858,4449.144737012938,768742,0.5872701745325397
BAJAJ-AUTO,2026-03-03 13:45:04.327858,3512.0738466660478,304919,3.4743084061748526
BAJAJ-AUTO,2026-03-02 13:45:04.327858,4810.735606198861,116274,1.7323150497060178
BAJAJ-AUTO,2026-03-01 13:45:04.327858,1229.0715479403843,441660,4.672254757418152
BAJAJ-AUTO,2026-02-28 13:45:04.327858,535.4683334707445,622230,1.7450297632635223
LT,2026-03-29 13:45:04.327858,4870.832714016942,571533,1.2345308365356402
LT,2026-03-28 13:45:04.327858,1836.5239818002349,269937,4.6959257273942505
LT,2026-03-27 13:45:04.327858,2367.008136714049,355959,1.1462768983010472
LT,2026-03-26 13:45:04.327858,1707.242861015781,220022,-4.212007926321513
LT,2026-03-25 13:45:04.327858,530.847430734442,646022,3.3729859559588373
LT,2026-03-24 13:45:04.327858,2537.9133246617293,474077,2.7928874898313794
LT,2026-03-23 13:45:04.327858,4705.642409576813,300887,-1.965071075847523
LT,2026-03-22 13:45:04.327858,4370.486307009165,258202,2.576902635868943
LT,2026-03-21 13:45:04.327858,3921.516245842438,458454,-2.1382327127043634
LT,2026-03-20 13:45:04.327858,531.4585036396716,360997,-1.1306354865509194
LT,2026-03-19 13:45:04.327858,2108.766203535043,65157,-1.5669646532850248
LT,2026-03-18 13:45:04.327858,833.3656302334936,161737,-2.783646660475556
LT,2026-03-17 13:45:04.327858,1428.6204814499447,691881,-4.0991571419020385
LT,2026-03-16 13:45:04.327858,2957.241408428246,795791,1.637204123914322
LT,2026-03-15 13:45:04.327858,2130.437314694126,50240,2.5095374820271443
LT,2026-03-14 13:45:04.329206,2028.9391047301133,302405,-3.6363279983604277
LT,2026-03-13 13:45:04.329206,2945.9567960888407,168450,3.7371286366735657
LT,2026-03-12 13:45:04.329206,1139.369590895631,94266,-1.6541681214029236
LT,2026-03-11 13:45:04.329206,986.7978792446773,35828,-4.568371649123273
LT,2026-03-10 13:45:04.329206,1112.376977994734,336588,-4.85770152793859
LT,2026-03-09 13:45:04.329206,1047.8143803107473,541970,-4.826843088041112
LT,2026-03-08 13:45:04.329206,3188.892625066857,500022,-0.48036599745048036
LT,2026-03-07 13:45:04.329206,2615.0018006890296,958188,-3.85887136830204
LT,2026-03-06 13:45:04.329565,670.4907962417739,644578,0.20123151306448328
LT,2026-03-05 13:45:04.329565,3396.368160245396,300949,3.36386294268787
LT,2026-03-04 13:45:04.329565,3235.001917879311,866595,-4.114512682696053
LT,2026-03-03 13:45:04.329565,1771.8327488899404,231487,-0.3464860092557416
LT,2026-03-02 13:45:04.329565,1238.7990943189516,652608,-3.330171499551385
LT,2026-03-01 13:45:04.329565,3874.730006859116,237554,3.1322822714931924
LT,2026-02-28 13:45:04.329565,1835.5114813223186,607093,0.23953342236043174
BPCL,2026-03-29 13:45:04.329565,1408.8807645068084,911304,-3.88372047409161
BPCL,2026-03-28 13:45:04.329565,2450.444785534659,502857,2.864011021551346
BPCL,2026-03-27 13:45:04.329565,2188.643064449274,743586,-4.582979736320645
BPCL,2026-03-26 13:45:04.329565,694.196672445188,351906,0.3250624792156165
BPCL,2026-03-25 13:45:04.329565,3358.392172237552,715797,-3.4711137411404005
BPCL,2026-03-24 13:45:04.329565,4339.711809359231,531751,3.2181346820694454
BPCL,2026-03-23 13:45:04.329565,3771.453845379304,886792,0.030153904846242696
BPCL,2026-03-22 13:45:04.329565,3510.716337185218,777274,-3.000779128069099
BPCL,2026-03-21 13:45:04.329565,1951.710016386231,299373,0.25692298879025355
BPCL,2026-03-20 13:45:04.329565,4618.298304787432,725692,-0.7330343468546463
BPCL,2026-03-19 13:45:04.329565,2902.196528182281,902207,2.8503125683957045
BPCL,2026-03-18 13:45:04.329565,1463.8850922142965,119899,-4.509354861674625
BPCL,2026-03-17 13:45:04.329565,4672.699941828806,719223,-1.7478013611080465
BPCL,2026-03-16 13:45:04.329565,3197.689412947484,64258,-4.253817860445837
BPCL,2026-03-15 13:45:04.329565,4339.380745615916,369783,-2.042940825239935
BPCL,2026-03-14 13:45:04.329565,2557.033880292291,780887,3.4202683309796758
BPCL,2026-03-13 13:45:04.329565,3708.346640250421,393660,2.824828664786314
BPCL,2026-03-12 13:45:04.329565,768.091853790241,795350,-2.0727120148122182
BPCL,2026-03-11 13:45:04.329565,2019.1059589503705,461139,-2.6498244997229667
BPCL,2026-03-10 13:45:04.329565,1945.6541149858278,682064,0.30493091331343614
BPCL,2026-03-09 13:45:04.329565,3447.0489437742053,367019,2.6486822519418043
BPCL,2026-03-08 13:45:04.329565,3855.6241323312015,75946,-0.5059825056643596
BPCL,2026-03-07 13:45:04.329565,664.1180314016672,316869,-2.2585142006159398
BPCL,2026-03-06 13:45:04.329565,2446.764849276769,313228,-3.819644519747162
BPCL,2026-03-05 13:45:04.329565,3695.782435708957,609490,-4.918628248613947
BPCL,2026-03-04 13:45:04.329565,1056.6278311935362,833548,3.979938138623627
BPCL,2026-03-03 13:45:04.329565,1808.588924003162,972308,-0.5907863122070891
BPCL,2026-03-02 13:45:04.329565,2008.0397405086476,156650,1.2860688529782704
BPCL,2026-03-01 13:45:04.329565,2262.717177902303,602482,-2.1812001026953753
BPCL,2026-02-28 13:45:04.329565,4636.712077355746,225237,-1.2172699478632811
